CREATE DATABASE  IF NOT EXISTS `offline` /*!40100 DEFAULT CHARACTER SET latin1 */;
USE `offline`;
-- MySQL dump 10.13  Distrib 5.1.62, for debian-linux-gnu (x86_64)
--
-- Host: localhost    Database: offline
-- ------------------------------------------------------
-- Server version	5.1.62-0ubuntu0.10.04.1

/*!40101 SET @OLD_CHARACTER_SET_CLIENT=@@CHARACTER_SET_CLIENT */;
/*!40101 SET @OLD_CHARACTER_SET_RESULTS=@@CHARACTER_SET_RESULTS */;
/*!40101 SET @OLD_COLLATION_CONNECTION=@@COLLATION_CONNECTION */;
/*!40101 SET NAMES utf8 */;
/*!40103 SET @OLD_TIME_ZONE=@@TIME_ZONE */;
/*!40103 SET TIME_ZONE='+00:00' */;
/*!40014 SET @OLD_UNIQUE_CHECKS=@@UNIQUE_CHECKS, UNIQUE_CHECKS=0 */;
/*!40014 SET @OLD_FOREIGN_KEY_CHECKS=@@FOREIGN_KEY_CHECKS, FOREIGN_KEY_CHECKS=0 */;
/*!40101 SET @OLD_SQL_MODE=@@SQL_MODE, SQL_MODE='NO_AUTO_VALUE_ON_ZERO' */;
/*!40111 SET @OLD_SQL_NOTES=@@SQL_NOTES, SQL_NOTES=0 */;

--
-- Table structure for table `LISTAS_PRECIOS_LINEAS`
--

DROP TABLE IF EXISTS `LISTAS_PRECIOS_LINEAS`;
/*!40101 SET @saved_cs_client     = @@character_set_client */;
/*!40101 SET character_set_client = utf8 */;
CREATE TABLE `LISTAS_PRECIOS_LINEAS` (
  `id_lista_prec` bigint(15) NOT NULL,
  `item_id` bigint(15) NOT NULL,
  `precio` decimal(22,0) NOT NULL,
  PRIMARY KEY (`id_lista_prec`,`item_id`),
  KEY `LISTAS_PRECIOS_LINEAS_art_fk1` (`item_id`),
  CONSTRAINT `LISTAS_PRECIOS_LINEAS_art_fk1` FOREIGN KEY (`item_id`) REFERENCES `ARTICULOS` (`item_id`) ON DELETE NO ACTION ON UPDATE NO ACTION,
  CONSTRAINT `LISTAS_PRECIOS_LINEAS_lis_fk1` FOREIGN KEY (`id_lista_prec`) REFERENCES `LISTAS_PRECIOS` (`id_lista_prec`) ON DELETE NO ACTION ON UPDATE NO ACTION
) ENGINE=InnoDB DEFAULT CHARSET=latin1;
/*!40101 SET character_set_client = @saved_cs_client */;

--
-- Dumping data for table `LISTAS_PRECIOS_LINEAS`
--

LOCK TABLES `LISTAS_PRECIOS_LINEAS` WRITE;
/*!40000 ALTER TABLE `LISTAS_PRECIOS_LINEAS` DISABLE KEYS */;
INSERT INTO `LISTAS_PRECIOS_LINEAS` VALUES (1,100,'120'),(1,101,'113'),(1,102,'75'),(1,103,'125'),(1,104,'302'),(1,105,'165'),(1,106,'90'),(1,107,'95'),(1,108,'155'),(1,109,'102'),(1,110,'100'),(1,111,'159'),(1,112,'82'),(1,113,'75'),(1,114,'75'),(1,115,'75'),(1,116,'79'),(1,117,'92'),(1,118,'565'),(1,119,'565'),(1,120,'550'),(1,121,'550'),(1,122,'834'),(1,123,'195'),(1,124,'365'),(1,125,'77'),(1,126,'60'),(1,127,'70'),(1,128,'63'),(1,129,'59'),(1,130,'95'),(1,131,'30'),(1,132,'89'),(1,133,'56'),(1,134,'14'),(1,135,'21'),(1,136,'60'),(1,137,'50'),(1,138,'40'),(1,139,'35'),(1,140,'64'),(1,141,'75'),(1,142,'20'),(1,143,'30'),(1,144,'21'),(1,145,'25'),(1,146,'20'),(1,147,'10'),(1,148,'22'),(1,149,'45'),(1,150,'21'),(1,151,'24'),(1,152,'21'),(1,153,'13'),(1,154,'28'),(1,155,'30'),(1,156,'30'),(1,157,'26'),(1,158,'44'),(1,159,'15'),(1,160,'13'),(1,161,'82'),(1,162,'95'),(1,163,'85'),(1,164,'105'),(1,165,'92'),(1,166,'145'),(1,167,'18'),(1,168,'25'),(1,169,'12'),(1,170,'11'),(1,171,'20'),(1,172,'85'),(1,173,'13'),(1,174,'8'),(1,175,'8'),(1,176,'21'),(1,177,'20'),(1,178,'30'),(1,179,'18'),(1,180,'19'),(1,181,'4'),(1,182,'10'),(1,183,'16'),(1,184,'9'),(1,185,'5'),(1,186,'9'),(1,187,'7'),(1,188,'9'),(1,189,'20'),(1,190,'9'),(1,191,'19'),(1,192,'16'),(1,193,'29'),(1,194,'14'),(1,195,'45'),(1,196,'26'),(1,197,'14'),(1,198,'18'),(1,199,'18'),(1,200,'36'),(1,201,'26'),(1,202,'27'),(1,203,'66'),(1,204,'20'),(1,205,'20'),(1,206,'16'),(1,207,'21'),(1,208,'45'),(1,209,'33'),(1,210,'11'),(1,211,'16'),(1,212,'74'),(1,213,'28'),(1,214,'5'),(1,215,'8'),(1,216,'17'),(1,217,'2'),(1,218,'6'),(1,219,'12'),(1,220,'138'),(1,221,'149'),(1,222,'30'),(1,223,'44'),(1,224,'1'),(1,225,'6'),(1,226,'4'),(1,227,'2'),(1,228,'1'),(1,229,'21');
/*!40000 ALTER TABLE `LISTAS_PRECIOS_LINEAS` ENABLE KEYS */;
UNLOCK TABLES;

--
-- Table structure for table `APPBS_USUARIOS_PERFILES`
--

DROP TABLE IF EXISTS `APPBS_USUARIOS_PERFILES`;
/*!40101 SET @saved_cs_client     = @@character_set_client */;
/*!40101 SET character_set_client = utf8 */;
CREATE TABLE `APPBS_USUARIOS_PERFILES` (
  `ID_USUARIO` int(11) unsigned NOT NULL DEFAULT '0' COMMENT 'Codigo de la aplicacion',
  `ID_APLICACION` varchar(10) NOT NULL DEFAULT '' COMMENT 'Codigo de la aplicacion',
  `ID_PERFIL` int(11) unsigned NOT NULL DEFAULT '0' COMMENT 'Codigo del perfil',
  PRIMARY KEY (`ID_USUARIO`,`ID_APLICACION`,`ID_PERFIL`),
  KEY `FK_usuarios_perfiles_1` (`ID_APLICACION`) USING BTREE,
  KEY `FK_usuarios_perfiles_2` (`ID_PERFIL`) USING BTREE,
  CONSTRAINT `fk_APPBS_USUARIOS_PERFILES_1` FOREIGN KEY (`ID_USUARIO`) REFERENCES `APPBS_USUARIOS` (`ID_USUARIO`) ON DELETE CASCADE ON UPDATE CASCADE,
  CONSTRAINT `fk_APPBS_USUARIOS_PERFILES_2` FOREIGN KEY (`ID_APLICACION`) REFERENCES `APPBS_APLICACIONES` (`ID_APLICACION`),
  CONSTRAINT `fk_APPBS_USUARIOS_PERFILES_3` FOREIGN KEY (`ID_PERFIL`) REFERENCES `APPBS_PERFILES` (`ID_PERFIL`)
) ENGINE=InnoDB DEFAULT CHARSET=utf8 COMMENT='Applicacion - Usuario - Pefil';
/*!40101 SET character_set_client = @saved_cs_client */;

--
-- Dumping data for table `APPBS_USUARIOS_PERFILES`
--

LOCK TABLES `APPBS_USUARIOS_PERFILES` WRITE;
/*!40000 ALTER TABLE `APPBS_USUARIOS_PERFILES` DISABLE KEYS */;
INSERT INTO `APPBS_USUARIOS_PERFILES` VALUES (49,'DEMO',1),(50,'DEMO',2),(51,'DEMO',2);
/*!40000 ALTER TABLE `APPBS_USUARIOS_PERFILES` ENABLE KEYS */;
UNLOCK TABLES;

--
-- Table structure for table `MOBILE_VERSION`
--

DROP TABLE IF EXISTS `MOBILE_VERSION`;
/*!40101 SET @saved_cs_client     = @@character_set_client */;
/*!40101 SET character_set_client = utf8 */;
CREATE TABLE `MOBILE_VERSION` (
  `version` decimal(22,0) NOT NULL,
  `id_idioma` int(10) unsigned NOT NULL,
  `sincro` varchar(1) CHARACTER SET latin1 COLLATE latin1_bin DEFAULT NULL,
  `mensaje` varchar(2000) CHARACTER SET latin1 COLLATE latin1_bin DEFAULT NULL,
  `url` varchar(200) CHARACTER SET latin1 COLLATE latin1_bin DEFAULT NULL,
  PRIMARY KEY (`version`,`id_idioma`)
) ENGINE=InnoDB DEFAULT CHARSET=latin1;
/*!40101 SET character_set_client = @saved_cs_client */;

--
-- Dumping data for table `MOBILE_VERSION`
--

LOCK TABLES `MOBILE_VERSION` WRITE;
/*!40000 ALTER TABLE `MOBILE_VERSION` DISABLE KEYS */;
/*!40000 ALTER TABLE `MOBILE_VERSION` ENABLE KEYS */;
UNLOCK TABLES;

--
-- Table structure for table `APPBS_MENU_PERFILES`
--

DROP TABLE IF EXISTS `APPBS_MENU_PERFILES`;
/*!40101 SET @saved_cs_client     = @@character_set_client */;
/*!40101 SET character_set_client = utf8 */;
CREATE TABLE `APPBS_MENU_PERFILES` (
  `ID_APLICACION` varchar(10) NOT NULL DEFAULT '' COMMENT 'Codigo de la aplicacion',
  `ID_MENU` varchar(20) NOT NULL DEFAULT '' COMMENT 'Codigo del menu',
  `ID_PERFIL` int(11) unsigned NOT NULL DEFAULT '0' COMMENT 'Codigo del perfil',
  PRIMARY KEY (`ID_APLICACION`,`ID_MENU`,`ID_PERFIL`),
  KEY `FK_MENU_PERFILES_2` (`ID_PERFIL`) USING BTREE,
  CONSTRAINT `fk_APPBS_MENU_PERFILES_1` FOREIGN KEY (`ID_APLICACION`, `ID_MENU`) REFERENCES `APPBS_MENU` (`ID_APLICACION`, `ID_MENU`) ON DELETE CASCADE ON UPDATE CASCADE,
  CONSTRAINT `fk_APPBS_MENU_PERFILES_2` FOREIGN KEY (`ID_PERFIL`) REFERENCES `APPBS_PERFILES` (`ID_PERFIL`) ON DELETE CASCADE ON UPDATE CASCADE
) ENGINE=InnoDB DEFAULT CHARSET=utf8 COMMENT='Opciones de menu por perfil';
/*!40101 SET character_set_client = @saved_cs_client */;

--
-- Dumping data for table `APPBS_MENU_PERFILES`
--

LOCK TABLES `APPBS_MENU_PERFILES` WRITE;
/*!40000 ALTER TABLE `APPBS_MENU_PERFILES` DISABLE KEYS */;
INSERT INTO `APPBS_MENU_PERFILES` VALUES ('DEMO','APPBS_ADMIN',1),('DEMO','APPBS_ADMIN_LOG',1),('DEMO','APPBS_ADMIN_LOOKUPS',1),('DEMO','APPBS_ADMIN_PARAM',1),('DEMO','APPBS_ADMIN_PASSWD',1),('DEMO','APPBS_ADMIN_PERFIL',1),('DEMO','APPBS_ADMIN_USER',1),('DEMO','APPBS_ADMIN_USR_LEG',1),('DEMO','APPBS_ADMIN_USR_LOG',1);
/*!40000 ALTER TABLE `APPBS_MENU_PERFILES` ENABLE KEYS */;
UNLOCK TABLES;

--
-- Table structure for table `APPEX_PROVINCIAS`
--

DROP TABLE IF EXISTS `APPEX_PROVINCIAS`;
/*!40101 SET @saved_cs_client     = @@character_set_client */;
/*!40101 SET character_set_client = utf8 */;
CREATE TABLE `APPEX_PROVINCIAS` (
  `ID_PAIS` int(10) unsigned NOT NULL COMMENT 'Id. del pais',
  `ID_PROVINCIA` int(10) unsigned NOT NULL COMMENT 'Id. de la provincia',
  `ID_COMUNIDAD` int(11) unsigned DEFAULT NULL,
  `NOMBRE` varchar(45) CHARACTER SET latin1 NOT NULL COMMENT 'Nombre',
  `CP_PREFIX` varchar(5) DEFAULT NULL COMMENT 'Prefijo de los codigos postales',
  `G_CODE` varchar(100) DEFAULT NULL COMMENT 'Codigo asignado por Google Maps',
  PRIMARY KEY (`ID_PAIS`,`ID_PROVINCIA`),
  KEY `fk_APPEX_PROVINCIAS_1` (`ID_PAIS`),
  KEY `fk_APPEX_PROVINCIAS_2` (`ID_PAIS`,`ID_COMUNIDAD`),
  CONSTRAINT `fk_APPEX_PROVINCIAS_1` FOREIGN KEY (`ID_PAIS`) REFERENCES `APPEX_PAISES` (`ID_PAIS`) ON DELETE CASCADE ON UPDATE CASCADE,
  CONSTRAINT `fk_APPEX_PROVINCIAS_2` FOREIGN KEY (`ID_PAIS`, `ID_COMUNIDAD`) REFERENCES `APPEX_COMUNIDADES` (`ID_PAIS`, `ID_COMUNIDAD`) ON DELETE NO ACTION ON UPDATE NO ACTION
) ENGINE=InnoDB DEFAULT CHARSET=utf8 COMMENT='Provincias';
/*!40101 SET character_set_client = @saved_cs_client */;

--
-- Dumping data for table `APPEX_PROVINCIAS`
--

LOCK TABLES `APPEX_PROVINCIAS` WRITE;
/*!40000 ALTER TABLE `APPEX_PROVINCIAS` DISABLE KEYS */;
INSERT INTO `APPEX_PROVINCIAS` VALUES (72,1,NULL,'Alava',NULL,NULL),(72,2,NULL,'Albacete',NULL,NULL),(72,3,NULL,'Alicante',NULL,NULL),(72,4,NULL,'Almeria',NULL,NULL),(72,5,NULL,'Avila',NULL,NULL),(72,6,NULL,'Badajoz',NULL,NULL),(72,7,NULL,'Baleares',NULL,NULL),(72,8,NULL,'Barcelona',NULL,NULL),(72,9,NULL,'Burgos',NULL,NULL),(72,10,NULL,'Caceres',NULL,NULL),(72,11,NULL,'Cadiz',NULL,NULL),(72,12,NULL,'Castellon',NULL,NULL),(72,13,NULL,'Ciudad Real',NULL,NULL),(72,14,NULL,'Cordoba',NULL,NULL),(72,15,NULL,'La Coruna',NULL,NULL),(72,16,NULL,'Cuenca',NULL,NULL),(72,17,NULL,'Girona',NULL,NULL),(72,18,NULL,'Granada',NULL,NULL),(72,19,NULL,'Guadalajara',NULL,NULL),(72,20,NULL,'Guipuzcoa',NULL,NULL),(72,21,NULL,'Huelva',NULL,NULL),(72,22,NULL,'Huesca',NULL,NULL),(72,23,NULL,'Jaen',NULL,NULL),(72,24,NULL,'Leon',NULL,NULL),(72,25,NULL,'Lerida',NULL,NULL),(72,26,NULL,'La Rioja',NULL,NULL),(72,27,NULL,'Lugo',NULL,NULL),(72,28,NULL,'Madrid',NULL,NULL),(72,29,NULL,'Malaga',NULL,NULL),(72,30,NULL,'Murcia',NULL,NULL),(72,31,NULL,'Navarra',NULL,NULL),(72,32,NULL,'Orense',NULL,NULL),(72,33,NULL,'Asturias',NULL,NULL),(72,34,NULL,'Palencia',NULL,NULL),(72,35,NULL,'Las Palmas',NULL,NULL),(72,36,NULL,'Pontevedra',NULL,NULL),(72,37,NULL,'Salamanca',NULL,NULL),(72,38,NULL,'S.C. Tenerife',NULL,NULL),(72,39,NULL,'Cantabria',NULL,NULL),(72,40,NULL,'Segovia',NULL,NULL),(72,41,NULL,'Sevilla',NULL,NULL),(72,42,NULL,'Soria',NULL,NULL),(72,43,NULL,'Tarragona',NULL,NULL),(72,44,NULL,'Teruel',NULL,NULL),(72,45,NULL,'Toledo',NULL,NULL),(72,46,NULL,'Valencia',NULL,NULL),(72,47,NULL,'Valladolid',NULL,NULL),(72,48,NULL,'Vizcaya',NULL,NULL),(72,49,NULL,'Zamora',NULL,NULL),(72,50,NULL,'Zaragoza',NULL,NULL),(72,51,NULL,'Ceuta',NULL,NULL),(72,52,NULL,'Melilla',NULL,NULL);
/*!40000 ALTER TABLE `APPEX_PROVINCIAS` ENABLE KEYS */;
UNLOCK TABLES;

--
-- Table structure for table `NOTICIAS_FOTOS`
--

DROP TABLE IF EXISTS `NOTICIAS_FOTOS`;
/*!40101 SET @saved_cs_client     = @@character_set_client */;
/*!40101 SET character_set_client = utf8 */;
CREATE TABLE `NOTICIAS_FOTOS` (
  `id_noticia` bigint(15) NOT NULL,
  `foto_num` bigint(15) NOT NULL,
  `ligthbox` varchar(200) CHARACTER SET latin1 COLLATE latin1_bin NOT NULL,
  `foto` varchar(200) CHARACTER SET latin1 COLLATE latin1_bin NOT NULL,
  `thumb` varchar(200) CHARACTER SET latin1 COLLATE latin1_bin DEFAULT NULL,
  PRIMARY KEY (`id_noticia`,`foto_num`),
  CONSTRAINT `NOTICIAS_FOTOS_NOTICIAS_fk1` FOREIGN KEY (`id_noticia`) REFERENCES `NOTICIAS` (`id_noticia`) ON DELETE NO ACTION ON UPDATE NO ACTION
) ENGINE=InnoDB DEFAULT CHARSET=latin1;
/*!40101 SET character_set_client = @saved_cs_client */;

--
-- Dumping data for table `NOTICIAS_FOTOS`
--

LOCK TABLES `NOTICIAS_FOTOS` WRITE;
/*!40000 ALTER TABLE `NOTICIAS_FOTOS` DISABLE KEYS */;
/*!40000 ALTER TABLE `NOTICIAS_FOTOS` ENABLE KEYS */;
UNLOCK TABLES;

--
-- Table structure for table `VENDEDORES`
--

DROP TABLE IF EXISTS `VENDEDORES`;
/*!40101 SET @saved_cs_client     = @@character_set_client */;
/*!40101 SET character_set_client = utf8 */;
CREATE TABLE `VENDEDORES` (
  `id_vendedor` bigint(15) NOT NULL,
  `nombre` varchar(80) CHARACTER SET latin1 COLLATE latin1_bin NOT NULL,
  `email` varchar(80) CHARACTER SET latin1 COLLATE latin1_bin DEFAULT NULL,
  `telefono` varchar(50) CHARACTER SET latin1 COLLATE latin1_bin DEFAULT NULL,
  `fax` varchar(50) CHARACTER SET latin1 COLLATE latin1_bin DEFAULT NULL,
  `id_zona` varchar(30) CHARACTER SET latin1 COLLATE latin1_bin DEFAULT NULL,
  `prefijo_PEDIDOS` decimal(22,0) DEFAULT NULL,
  `cif` varchar(40) CHARACTER SET latin1 COLLATE latin1_bin DEFAULT NULL,
  PRIMARY KEY (`id_vendedor`),
  KEY `VENDEDORES_ZONAS_VENTAS_fk1` (`id_zona`),
  CONSTRAINT `VENDEDORES_ZONAS_VENTAS_fk1` FOREIGN KEY (`id_zona`) REFERENCES `ZONAS_VENTAS` (`id_zona`) ON DELETE NO ACTION ON UPDATE NO ACTION
) ENGINE=InnoDB DEFAULT CHARSET=latin1;
/*!40101 SET character_set_client = @saved_cs_client */;

--
-- Dumping data for table `VENDEDORES`
--

LOCK TABLES `VENDEDORES` WRITE;
/*!40000 ALTER TABLE `VENDEDORES` DISABLE KEYS */;
INSERT INTO `VENDEDORES` VALUES (1000,'Vendedor Levante','levante@vincomobile.com',NULL,NULL,NULL,NULL,'A123456'),(1001,'Vendedor Cataluña','catalunya@vincomobile.com',NULL,NULL,NULL,NULL,'B123456');
/*!40000 ALTER TABLE `VENDEDORES` ENABLE KEYS */;
UNLOCK TABLES;

--
-- Table structure for table `APPBS_TABLAS`
--

DROP TABLE IF EXISTS `APPBS_TABLAS`;
/*!40101 SET @saved_cs_client     = @@character_set_client */;
/*!40101 SET character_set_client = utf8 */;
CREATE TABLE `APPBS_TABLAS` (
  `ID_TABLA` int(11) NOT NULL AUTO_INCREMENT COMMENT 'Codigo',
  `NOMBRE` varchar(50) NOT NULL DEFAULT '' COMMENT 'Nombre de la tabla',
  `ORIGEN` varchar(50) DEFAULT NULL COMMENT 'Tabla original',
  `REPLICA` varchar(50) DEFAULT NULL COMMENT 'Tabla donde se hace la replica',
  `SINCRO` bit(1) DEFAULT NULL COMMENT 'Bandera que indica si se sincroniza con app. clientes',
  `CREACION` bit(1) DEFAULT NULL COMMENT 'Bandera que indica si se crea en el cliente',
  `EXPORTABLE` bit(1) DEFAULT NULL COMMENT 'Indica si la tabla es exportable ',
  `IMPORTABLE` bit(1) DEFAULT NULL COMMENT 'Indica si la tabla es importable',
  `ORDEN` int(11) DEFAULT NULL COMMENT 'Orden de procesamiento de la tabla',
  `VERSION` int(11) DEFAULT NULL COMMENT 'Version de la tabla',
  `XSELECT` varchar(1000) DEFAULT NULL COMMENT 'Modificadores del SELECT',
  `XFROM` varchar(1000) DEFAULT NULL COMMENT 'From de la select',
  `XWHERE` varchar(1000) DEFAULT NULL COMMENT 'Where de la select',
  `XGROUP` varchar(1000) DEFAULT NULL COMMENT 'Group by de la select',
  `EXTRA_WHERE` varchar(1000) DEFAULT NULL COMMENT 'Sincronizacion (WHERE)',
  `EXTRA_SELECT` varchar(1000) DEFAULT NULL COMMENT 'Sincronizacion (SELECT)',
  `DELETE_WHERE` varchar(1000) DEFAULT NULL COMMENT 'Condicion para el DELETE',
  `EXTRA_UPDATE` varchar(1000) DEFAULT NULL COMMENT 'Sincronizacion (WHERE en los updateDB)',
  `PARAM_1` varchar(100) DEFAULT NULL COMMENT 'Parametro 1',
  `PARAM_2` varchar(100) DEFAULT NULL COMMENT 'Parametro 2',
  `PARAM_3` varchar(100) DEFAULT NULL COMMENT 'Parametro 3',
  `PARAM_4` varchar(100) DEFAULT NULL COMMENT 'Parametro 4',
  `TRIGGERS` varchar(45) DEFAULT NULL COMMENT 'Nombre de la clase Triggers',
  PRIMARY KEY (`ID_TABLA`)
) ENGINE=InnoDB AUTO_INCREMENT=423 DEFAULT CHARSET=utf8 COMMENT='Tablas definidas';
/*!40101 SET character_set_client = @saved_cs_client */;

--
-- Dumping data for table `APPBS_TABLAS`
--

LOCK TABLES `APPBS_TABLAS` WRITE;
/*!40000 ALTER TABLE `APPBS_TABLAS` DISABLE KEYS */;
INSERT INTO `APPBS_TABLAS` VALUES (22,'ARTICULOS_ASOCIADOS',NULL,NULL,'','','\0',NULL,3,1,NULL,NULL,NULL,NULL,'',NULL,NULL,NULL,NULL,NULL,NULL,NULL,NULL),(23,'ARTICULOS_DESCRIP',NULL,NULL,'','','\0',NULL,4,1,NULL,NULL,NULL,NULL,'',NULL,NULL,NULL,NULL,NULL,NULL,NULL,NULL),(24,'CLIENTES',NULL,NULL,'','','',NULL,6,3,NULL,'CLIENTES C','(C.EXPORTABLE = \'N\' OR C.VALIDO = \'S\') AND EXISTS (SELECT 1 FROM CLIENTES_DIRECCIONES CD WHERE C.ID_CLIENTE = CD.ID_CLIENTE AND CD.ID_VENDEDOR = @1)',NULL,'',NULL,NULL,NULL,NULL,NULL,NULL,NULL,'com.kentto.web.model.appdb.CLIENTES_TRIGGER'),(25,'CLIENTES_CONTACTOS',NULL,NULL,'','','',NULL,7,1,'CC.*','CLIENTES_CONTACTOS CC JOIN (SELECT ID_CLIENTE FROM CLIENTES C WHERE (C.EXPORTABLE = \'N\' OR C.VALIDO = \'S\') AND EXISTS (SELECT 1 FROM CLIENTES_DIRECCIONES CD WHERE C.ID_CLIENTE = CD.ID_CLIENTE AND CD.ID_VENDEDOR = @1) ) CLI ON CLI.ID_CLIENTE = CC.ID_CLIENTE',NULL,NULL,'',NULL,NULL,NULL,NULL,NULL,NULL,NULL,'com.kentto.web.model.appdb.CLIENTES_CONTACTOS'),(26,'CLIENTES_DIRECCIONES',NULL,NULL,'','','',NULL,8,1,NULL,NULL,NULL,NULL,'ID_VENDEDOR = @1',NULL,NULL,NULL,NULL,NULL,NULL,NULL,'com.kentto.web.model.appdb.CLIENTES_DIRECCION'),(27,'COLORES',NULL,NULL,'','','\0',NULL,9,1,NULL,NULL,NULL,NULL,'',NULL,NULL,NULL,NULL,NULL,NULL,NULL,NULL),(28,'CONDICIONES_PAGO',NULL,NULL,'','','\0',NULL,10,1,NULL,NULL,NULL,NULL,'',NULL,NULL,NULL,NULL,NULL,NULL,NULL,NULL),(29,'CONJUNTOS',NULL,NULL,'\0','\0','\0',NULL,0,1,NULL,NULL,NULL,NULL,NULL,NULL,NULL,NULL,NULL,NULL,NULL,NULL,NULL),(30,'FAMILIAS',NULL,NULL,'','','\0',NULL,12,1,NULL,NULL,NULL,NULL,'',NULL,NULL,NULL,NULL,NULL,NULL,NULL,NULL),(31,'APPEX_IDIOMAS',NULL,NULL,'','','\0',NULL,13,2,NULL,NULL,NULL,NULL,'',NULL,NULL,NULL,NULL,NULL,NULL,NULL,NULL),(32,'IVA',NULL,NULL,'','','\0',NULL,14,1,NULL,NULL,NULL,NULL,'',NULL,NULL,NULL,NULL,NULL,NULL,NULL,NULL),(33,'LISTAS_PRECIOS',NULL,NULL,'','','\0',NULL,15,1,NULL,NULL,NULL,NULL,'',NULL,NULL,NULL,NULL,NULL,NULL,NULL,NULL),(34,'LISTAS_PRECIOS_LINEAS',NULL,NULL,'','','\0',NULL,16,1,NULL,NULL,NULL,NULL,'',NULL,NULL,NULL,NULL,NULL,NULL,NULL,NULL),(36,'MATERIALES',NULL,NULL,'','','\0',NULL,18,1,NULL,NULL,NULL,NULL,'',NULL,NULL,NULL,NULL,NULL,NULL,NULL,NULL),(38,'MONEDAS',NULL,NULL,'','','\0',NULL,21,1,NULL,NULL,NULL,NULL,'',NULL,NULL,NULL,NULL,NULL,NULL,NULL,NULL),(39,'APPEX_PAISES',NULL,NULL,'','','\0',NULL,22,1,NULL,NULL,NULL,NULL,'',NULL,NULL,NULL,NULL,NULL,NULL,NULL,NULL),(40,'PEDIDOS',NULL,NULL,'','','',NULL,23,1,NULL,NULL,NULL,NULL,'ESTADO <> \'N\' AND ID_VENDEDOR = @1',NULL,'ESTADO NOT IN (\'N\', \'B\')',NULL,NULL,NULL,NULL,NULL,'com.kentto.web.model.appdb.PEDIDOS_TRIGGER'),(41,'PEDIDOS_LINEAS',NULL,NULL,'','','',NULL,24,1,'PL.PEDIDO_NUM, PL.LINEA_NUM, PL.ITEM_ID, PL.CANTIDAD, PL. PRECIO, PL.ID_PROMOCION, PL.ID_PROMO_LINEA, PL.DESCUENTO, PL.OPERADOR, PL.MOBILE_PEDIDO_NUM, PL.MOBILE_ID, PL.ID_VENDEDOR','PEDIDOS_LINEAS PL JOIN PEDIDOS P ON PL.PEDIDO_NUM = P.PEDIDO_NUM',NULL,NULL,'P.ESTADO <> \'N\' AND P.ID_VENDEDOR = @1',NULL,'EXISTS (SELECT PEDIDO_NUM FROM PEDIDOS WHERE PEDIDOS_LINEAS.PEDIDO_NUM = PEDIDOS.PEDIDO_NUM AND ESTADO NOT IN ( \'N\', \'B\'))',NULL,NULL,NULL,NULL,NULL,'com.kentto.web.model.appdb.PEDIDOS_LINEAS_TRI'),(42,'PEDIDOS_ORIGEN',NULL,NULL,'','','\0',NULL,25,1,NULL,NULL,NULL,NULL,'',NULL,NULL,NULL,NULL,NULL,NULL,NULL,NULL),(44,'PROMOCIONES',NULL,NULL,'','','\0',NULL,27,1,NULL,NULL,NULL,NULL,'',NULL,NULL,NULL,NULL,NULL,NULL,NULL,NULL),(45,'PROMOCIONES_LINEAS',NULL,NULL,'','','\0',NULL,28,1,NULL,NULL,NULL,NULL,'',NULL,NULL,NULL,NULL,NULL,NULL,NULL,NULL),(46,'APPEX_PROVINCIAS',NULL,NULL,'','','\0',NULL,29,1,NULL,NULL,NULL,NULL,'',NULL,NULL,NULL,NULL,NULL,NULL,NULL,NULL),(47,'SUBFAMILIAS',NULL,NULL,'','','\0',NULL,30,1,NULL,NULL,NULL,NULL,'',NULL,NULL,NULL,NULL,NULL,NULL,NULL,NULL),(48,'TIPO_PRODUCTO',NULL,NULL,'','','\0',NULL,31,1,NULL,NULL,NULL,NULL,'',NULL,NULL,NULL,NULL,NULL,NULL,NULL,NULL),(49,'VENDEDORES',NULL,NULL,'','','\0',NULL,33,1,NULL,NULL,NULL,NULL,'ID_VENDEDOR = @1',NULL,NULL,NULL,NULL,NULL,NULL,NULL,NULL),(50,'ZONAS_VENTAS',NULL,NULL,'\0','\0','\0',NULL,0,0,NULL,NULL,NULL,NULL,NULL,NULL,NULL,NULL,NULL,NULL,NULL,NULL,NULL),(61,'ARTICULOS_FOTOS',NULL,NULL,'','','\0',NULL,5,2,NULL,NULL,NULL,NULL,'FORMATO IN ( \'700x700\', \'lightbox\')',NULL,NULL,NULL,NULL,NULL,NULL,NULL,NULL),(103,'AMBIENTES',NULL,NULL,'\0','\0','\0',NULL,NULL,1,NULL,NULL,NULL,NULL,NULL,NULL,NULL,NULL,NULL,NULL,NULL,NULL,NULL),(104,'AMBIENTES_TIPO',NULL,NULL,'\0','\0','\0',NULL,NULL,1,NULL,NULL,NULL,NULL,NULL,NULL,NULL,NULL,NULL,NULL,NULL,NULL,NULL),(121,'MODIFICADORES_COMERCIALES',NULL,NULL,'','','\0',NULL,20,1,NULL,NULL,NULL,NULL,'',NULL,NULL,NULL,NULL,NULL,NULL,NULL,NULL),(122,'MODIFICADORES_PPAGO',NULL,NULL,'\0','\0','\0',NULL,NULL,1,NULL,NULL,NULL,NULL,NULL,NULL,NULL,NULL,NULL,NULL,NULL,NULL,NULL),(141,'TRANSPORTE',NULL,NULL,'','','\0',NULL,32,1,NULL,NULL,NULL,NULL,'',NULL,NULL,NULL,NULL,NULL,NULL,NULL,NULL),(161,'FERIAS_IMPORT',NULL,NULL,'\0','\0','\0',NULL,NULL,1,NULL,NULL,NULL,NULL,NULL,NULL,NULL,NULL,NULL,NULL,NULL,NULL,NULL),(201,'MULTIPLICADORES',NULL,NULL,'\0','\0','\0',NULL,NULL,1,NULL,NULL,NULL,NULL,NULL,NULL,NULL,NULL,NULL,NULL,NULL,NULL,NULL),(221,'TARIFAS',NULL,NULL,'','','\0',NULL,NULL,1,NULL,NULL,NULL,NULL,'',NULL,NULL,NULL,NULL,NULL,NULL,NULL,NULL),(222,'TARIFAS_VENDEDORES',NULL,NULL,'','','\0',NULL,NULL,1,NULL,NULL,NULL,NULL,'1 = 1',NULL,NULL,NULL,NULL,NULL,NULL,NULL,NULL),(241,'NOTICIAS',NULL,NULL,'\0','\0','\0',NULL,NULL,1,NULL,NULL,NULL,NULL,NULL,NULL,NULL,NULL,NULL,NULL,NULL,NULL,NULL),(242,'NOTICIAS_FOTOS',NULL,NULL,'\0','\0','\0',NULL,NULL,1,NULL,NULL,NULL,NULL,NULL,NULL,NULL,NULL,NULL,NULL,NULL,NULL,NULL),(261,'PEDIDOS_ORACLE',NULL,NULL,'\0','\0','\0',NULL,NULL,1,NULL,NULL,NULL,NULL,NULL,NULL,NULL,NULL,NULL,NULL,NULL,NULL,NULL),(262,'FACTURAS',NULL,NULL,'\0','\0','\0',NULL,11,1,NULL,NULL,NULL,NULL,'',NULL,NULL,NULL,NULL,NULL,NULL,NULL,NULL),(281,'PEDIDOS_ORACLE_LINEAS',NULL,NULL,'\0','\0','\0',NULL,NULL,1,NULL,NULL,NULL,NULL,NULL,NULL,NULL,NULL,'N',NULL,NULL,NULL,NULL),(282,'EXPEDICIONES',NULL,NULL,'\0','\0','\0',NULL,0,1,NULL,NULL,NULL,NULL,NULL,NULL,NULL,NULL,'N',NULL,NULL,NULL,NULL),(302,'SHOWROOM',NULL,NULL,'\0','\0','\0',NULL,NULL,1,NULL,NULL,NULL,NULL,NULL,NULL,NULL,NULL,NULL,NULL,NULL,NULL,NULL),(303,'SHOWROOM_FOTOS',NULL,NULL,'\0','\0','\0',NULL,NULL,1,NULL,NULL,NULL,NULL,NULL,NULL,NULL,NULL,NULL,NULL,NULL,NULL,NULL),(321,'APPBS_TABLAS',NULL,NULL,'\0','','\0',NULL,1,1,NULL,NULL,NULL,NULL,NULL,NULL,NULL,NULL,NULL,NULL,NULL,NULL,NULL),(322,'ARTICULOS',NULL,NULL,'','','\0',NULL,2,1,NULL,NULL,NULL,NULL,'',NULL,NULL,NULL,NULL,NULL,NULL,NULL,NULL),(341,'APPBS_CAMPOS',NULL,NULL,'\0','','\0',NULL,2,1,NULL,NULL,NULL,NULL,NULL,NULL,NULL,NULL,NULL,NULL,NULL,NULL,NULL),(362,'APPBS_USUARIOS',NULL,NULL,'','','\0',NULL,3,2,NULL,NULL,NULL,NULL,'INT_PARAM_1 = @1 AND ACTIVO = \'S\'',NULL,NULL,NULL,NULL,NULL,NULL,NULL,NULL),(381,'APPBS_PARAMETROS',NULL,NULL,'','','\0',NULL,3,1,NULL,NULL,NULL,NULL,'ID_PARAMETRO IN (\'DEFAULT_ID_CONDPAGO\', \'DEFAULT_ID_LISTA_PREC\')',NULL,NULL,NULL,NULL,NULL,NULL,NULL,NULL),(401,'APPBS_LOOKUPS_VALUES',NULL,NULL,'','','\0',NULL,5,1,NULL,NULL,NULL,NULL,'ACTIVO = \'S\'',NULL,NULL,NULL,NULL,NULL,NULL,NULL,NULL),(421,'MOBILE_VERSION',NULL,NULL,NULL,NULL,NULL,NULL,NULL,NULL,NULL,NULL,NULL,NULL,NULL,NULL,NULL,NULL,NULL,NULL,NULL,NULL,NULL),(422,'MOBILE_VERSION_CLIENTES',NULL,NULL,NULL,NULL,NULL,NULL,NULL,NULL,NULL,NULL,NULL,NULL,NULL,NULL,NULL,NULL,NULL,NULL,NULL,NULL,NULL);
/*!40000 ALTER TABLE `APPBS_TABLAS` ENABLE KEYS */;
UNLOCK TABLES;

--
-- Table structure for table `APPBS_LOOKUPS_VALUES`
--

DROP TABLE IF EXISTS `APPBS_LOOKUPS_VALUES`;
/*!40101 SET @saved_cs_client     = @@character_set_client */;
/*!40101 SET character_set_client = utf8 */;
CREATE TABLE `APPBS_LOOKUPS_VALUES` (
  `ID_LOOKUP` varchar(30) NOT NULL COMMENT 'Id. del lookup',
  `ID_VALOR` varchar(100) NOT NULL COMMENT 'Id. del valor ',
  `NOMBRE` varchar(200) NOT NULL COMMENT 'Nombre visible',
  `ACTIVO` char(1) NOT NULL COMMENT 'Indica si esta activo (S/N)',
  PRIMARY KEY (`ID_LOOKUP`,`ID_VALOR`),
  CONSTRAINT `fk_APPBS_LOOKUPS_VALUES_1` FOREIGN KEY (`ID_LOOKUP`) REFERENCES `APPBS_LOOKUPS` (`ID_LOOKUP`)
) ENGINE=InnoDB DEFAULT CHARSET=utf8 COMMENT='Valores de lookups';
/*!40101 SET character_set_client = @saved_cs_client */;

--
-- Dumping data for table `APPBS_LOOKUPS_VALUES`
--

LOCK TABLES `APPBS_LOOKUPS_VALUES` WRITE;
/*!40000 ALTER TABLE `APPBS_LOOKUPS_VALUES` DISABLE KEYS */;
/*!40000 ALTER TABLE `APPBS_LOOKUPS_VALUES` ENABLE KEYS */;
UNLOCK TABLES;

--
-- Table structure for table `PEDIDOS_ORIGEN`
--

DROP TABLE IF EXISTS `PEDIDOS_ORIGEN`;
/*!40101 SET @saved_cs_client     = @@character_set_client */;
/*!40101 SET character_set_client = utf8 */;
CREATE TABLE `PEDIDOS_ORIGEN` (
  `id_origen` bigint(15) NOT NULL,
  `nombre` varchar(80) CHARACTER SET latin1 COLLATE latin1_bin NOT NULL,
  PRIMARY KEY (`id_origen`)
) ENGINE=InnoDB DEFAULT CHARSET=latin1;
/*!40101 SET character_set_client = @saved_cs_client */;

--
-- Dumping data for table `PEDIDOS_ORIGEN`
--

LOCK TABLES `PEDIDOS_ORIGEN` WRITE;
/*!40000 ALTER TABLE `PEDIDOS_ORIGEN` DISABLE KEYS */;
INSERT INTO `PEDIDOS_ORIGEN` VALUES (1000,'PEDIDO WEB'),(1001,'PEDIDO OFF-LINE');
/*!40000 ALTER TABLE `PEDIDOS_ORIGEN` ENABLE KEYS */;
UNLOCK TABLES;

--
-- Table structure for table `NOTICIAS`
--

DROP TABLE IF EXISTS `NOTICIAS`;
/*!40101 SET @saved_cs_client     = @@character_set_client */;
/*!40101 SET character_set_client = utf8 */;
CREATE TABLE `NOTICIAS` (
  `id_noticia` bigint(15) NOT NULL,
  `fecha` datetime NOT NULL,
  `titulo` varchar(400) CHARACTER SET latin1 COLLATE latin1_bin NOT NULL,
  `texto` varchar(2000) CHARACTER SET latin1 COLLATE latin1_bin DEFAULT NULL,
  `url_video` varchar(200) CHARACTER SET latin1 COLLATE latin1_bin DEFAULT NULL,
  `actIVA` varchar(1) CHARACTER SET latin1 COLLATE latin1_bin DEFAULT NULL,
  `fecha_final` datetime DEFAULT NULL,
  PRIMARY KEY (`id_noticia`)
) ENGINE=InnoDB DEFAULT CHARSET=latin1;
/*!40101 SET character_set_client = @saved_cs_client */;

--
-- Dumping data for table `NOTICIAS`
--

LOCK TABLES `NOTICIAS` WRITE;
/*!40000 ALTER TABLE `NOTICIAS` DISABLE KEYS */;
/*!40000 ALTER TABLE `NOTICIAS` ENABLE KEYS */;
UNLOCK TABLES;

--
-- Table structure for table `APPBS_MENU`
--

DROP TABLE IF EXISTS `APPBS_MENU`;
/*!40101 SET @saved_cs_client     = @@character_set_client */;
/*!40101 SET character_set_client = utf8 */;
CREATE TABLE `APPBS_MENU` (
  `ID_APLICACION` varchar(10) NOT NULL DEFAULT '' COMMENT 'Codigo de la aplicacion',
  `ID_MENU` varchar(20) NOT NULL DEFAULT '' COMMENT 'Codigo',
  `NOMBRE` varchar(45) NOT NULL DEFAULT '' COMMENT 'Nombre',
  `ORDEN` int(10) unsigned NOT NULL DEFAULT '0' COMMENT 'Orden del menu',
  `ID_PADRE` varchar(20) DEFAULT NULL COMMENT 'Codigo del menu padre',
  `ENLACE` varchar(100) DEFAULT NULL COMMENT 'Enlace',
  `TIPO_ENLACE` char(1) NOT NULL DEFAULT 'L' COMMENT 'Tipo del enlace (N - Sin enlace, L - Local, S- Server, A - Absoluto)',
  `ATRIBUTO1` varchar(100) DEFAULT NULL COMMENT 'Atributo 1',
  `ATRIBUTO2` varchar(100) DEFAULT NULL COMMENT 'Atributo 2',
  `ATRIBUTO3` varchar(100) DEFAULT NULL COMMENT 'Atributo 3',
  `ATRIBUTO4` varchar(100) DEFAULT NULL COMMENT 'Atributo 4',
  `ATRIBUTO5` varchar(100) DEFAULT NULL COMMENT 'Atributo 5',
  `ATRIBUTO6` varchar(100) DEFAULT NULL COMMENT 'Atributo 6',
  `ATRIBUTO7` varchar(100) DEFAULT NULL COMMENT 'Atributo 7',
  `ATRIBUTO8` varchar(100) DEFAULT NULL COMMENT 'Atributo 8',
  `ATRIBUTO9` varchar(100) DEFAULT NULL COMMENT 'Atributo 9',
  `ATRIBUTO10` varchar(100) DEFAULT NULL COMMENT 'Atributo 10',
  PRIMARY KEY (`ID_APLICACION`,`ID_MENU`),
  CONSTRAINT `fk_MENU_1` FOREIGN KEY (`ID_APLICACION`) REFERENCES `APPBS_APLICACIONES` (`ID_APLICACION`)
) ENGINE=InnoDB DEFAULT CHARSET=utf8 COMMENT='Elementos del menu';
/*!40101 SET character_set_client = @saved_cs_client */;

--
-- Dumping data for table `APPBS_MENU`
--

LOCK TABLES `APPBS_MENU` WRITE;
/*!40000 ALTER TABLE `APPBS_MENU` DISABLE KEYS */;
INSERT INTO `APPBS_MENU` VALUES ('DEMO','APPBS_ADMIN','Administración',100,'MAIN_MENU',NULL,'N',NULL,NULL,NULL,NULL,NULL,NULL,NULL,NULL,NULL,NULL),('DEMO','APPBS_ADMIN_LOG','Logs',80,'APPBS_ADMIN',NULL,'L',NULL,NULL,NULL,NULL,NULL,NULL,NULL,NULL,NULL,NULL),('DEMO','APPBS_ADMIN_LOOKUPS','Lookups',50,'APPBS_ADMIN',NULL,'L',NULL,NULL,NULL,NULL,NULL,NULL,NULL,NULL,NULL,NULL),('DEMO','APPBS_ADMIN_PARAM','Parámetros',30,'APPBS_ADMIN',NULL,'L',NULL,NULL,NULL,NULL,NULL,NULL,NULL,NULL,NULL,NULL),('DEMO','APPBS_ADMIN_PASSWD','Cambiar clave',40,'APPBS_ADMIN',NULL,'L',NULL,NULL,NULL,NULL,NULL,NULL,NULL,NULL,NULL,NULL),('DEMO','APPBS_ADMIN_PERFIL','Perfiles',10,'APPBS_ADMIN',NULL,'L',NULL,NULL,NULL,NULL,NULL,NULL,NULL,NULL,NULL,NULL),('DEMO','APPBS_ADMIN_USER','Usuarios',20,'APPBS_ADMIN',NULL,'L',NULL,NULL,NULL,NULL,NULL,NULL,NULL,NULL,NULL,NULL),('DEMO','APPBS_ADMIN_USR_LEG','Leyenda del log',60,'APPBS_ADMIN',NULL,'L',NULL,NULL,NULL,NULL,NULL,NULL,NULL,NULL,NULL,NULL),('DEMO','APPBS_ADMIN_USR_LOG','Log de usuarios',70,'APPBS_ADMIN',NULL,'L',NULL,NULL,NULL,NULL,NULL,NULL,NULL,NULL,NULL,NULL);
/*!40000 ALTER TABLE `APPBS_MENU` ENABLE KEYS */;
UNLOCK TABLES;

--
-- Table structure for table `APPBS_LOOKUPS`
--

DROP TABLE IF EXISTS `APPBS_LOOKUPS`;
/*!40101 SET @saved_cs_client     = @@character_set_client */;
/*!40101 SET character_set_client = utf8 */;
CREATE TABLE `APPBS_LOOKUPS` (
  `ID_LOOKUP` varchar(30) NOT NULL COMMENT 'Id. del lookup',
  `NOMBRE` varchar(50) NOT NULL COMMENT 'Nombre',
  `EDITABLE` char(1) NOT NULL COMMENT 'Indica si es editable (S/N)',
  `ACTIVO` char(1) NOT NULL COMMENT 'Indica si esta activo (S/N)',
  PRIMARY KEY (`ID_LOOKUP`)
) ENGINE=InnoDB DEFAULT CHARSET=utf8 COMMENT='Tabla para lista de lookups';
/*!40101 SET character_set_client = @saved_cs_client */;

--
-- Dumping data for table `APPBS_LOOKUPS`
--

LOCK TABLES `APPBS_LOOKUPS` WRITE;
/*!40000 ALTER TABLE `APPBS_LOOKUPS` DISABLE KEYS */;
/*!40000 ALTER TABLE `APPBS_LOOKUPS` ENABLE KEYS */;
UNLOCK TABLES;

--
-- Table structure for table `PEDIDOS`
--

DROP TABLE IF EXISTS `PEDIDOS`;
/*!40101 SET @saved_cs_client     = @@character_set_client */;
/*!40101 SET character_set_client = utf8 */;
CREATE TABLE `PEDIDOS` (
  `pedido_num` bigint(15) NOT NULL,
  `id_origen` bigint(15) NOT NULL,
  `id_cliente` bigint(15) NOT NULL,
  `ref_cli_web` varchar(30) CHARACTER SET latin1 COLLATE latin1_bin DEFAULT NULL,
  `id_dir_fact` bigint(15) DEFAULT NULL,
  `ref_dir_fact_web` varchar(30) CHARACTER SET latin1 COLLATE latin1_bin DEFAULT NULL,
  `id_dir_env` bigint(15) DEFAULT NULL,
  `ref_dir_env_web` varchar(30) CHARACTER SET latin1 COLLATE latin1_bin DEFAULT NULL,
  `fecha` datetime DEFAULT NULL,
  `id_lista_prec` bigint(15) NOT NULL,
  `id_moneda` varchar(5) CHARACTER SET latin1 COLLATE latin1_bin NOT NULL,
  `id_vendedor` bigint(15) DEFAULT NULL,
  `estado` varchar(1) CHARACTER SET latin1 COLLATE latin1_bin NOT NULL DEFAULT 'N',
  `observaciones` varchar(2000) CHARACTER SET latin1 COLLATE latin1_bin DEFAULT NULL,
  `email_confirm` varchar(200) CHARACTER SET latin1 COLLATE latin1_bin DEFAULT NULL,
  `exportable` varchar(1) CHARACTER SET latin1 COLLATE latin1_bin DEFAULT 'S',
  `id_IVA` varchar(30) CHARACTER SET latin1 COLLATE latin1_bin NOT NULL,
  `pedido_agente` varchar(1) CHARACTER SET latin1 COLLATE latin1_bin DEFAULT NULL,
  `mobile_pedido_num` bigint(15) DEFAULT NULL,
  `mobile_id` bigint(15) DEFAULT NULL,
  PRIMARY KEY (`pedido_num`),
  KEY `PEDIDOS_CLIENTES_direccio_fk1` (`id_dir_fact`,`id_cliente`),
  KEY `PEDIDOS_CLIENTES_direccio_fk2` (`id_dir_env`,`id_cliente`),
  KEY `PEDIDOS_CLIENTES_fk1` (`id_cliente`),
  KEY `PEDIDOS_IVA_fk1` (`id_IVA`),
  KEY `PEDIDOS_LISTAS_PRECIOS_fk1` (`id_lista_prec`),
  KEY `PEDIDOS_MONEDAS_fk1` (`id_moneda`),
  KEY `PEDIDOS_PEDIDOS_ORIGEN_fk1` (`id_origen`),
  CONSTRAINT `PEDIDOS_CLIENTES_direccio_fk1` FOREIGN KEY (`id_dir_fact`, `id_cliente`) REFERENCES `CLIENTES_DIRECCIONES` (`id_direccion`, `id_cliente`) ON DELETE NO ACTION ON UPDATE NO ACTION,
  CONSTRAINT `PEDIDOS_CLIENTES_direccio_fk2` FOREIGN KEY (`id_dir_env`, `id_cliente`) REFERENCES `CLIENTES_DIRECCIONES` (`id_direccion`, `id_cliente`) ON DELETE NO ACTION ON UPDATE NO ACTION,
  CONSTRAINT `PEDIDOS_CLIENTES_fk1` FOREIGN KEY (`id_cliente`) REFERENCES `CLIENTES` (`id_cliente`) ON DELETE NO ACTION ON UPDATE NO ACTION,
  CONSTRAINT `PEDIDOS_IVA_fk1` FOREIGN KEY (`id_IVA`) REFERENCES `IVA` (`id_IVA`) ON DELETE NO ACTION ON UPDATE NO ACTION,
  CONSTRAINT `PEDIDOS_LISTAS_PRECIOS_fk1` FOREIGN KEY (`id_lista_prec`) REFERENCES `LISTAS_PRECIOS` (`id_lista_prec`) ON DELETE NO ACTION ON UPDATE NO ACTION,
  CONSTRAINT `PEDIDOS_MONEDAS_fk1` FOREIGN KEY (`id_moneda`) REFERENCES `MONEDAS` (`id_moneda`) ON DELETE NO ACTION ON UPDATE NO ACTION,
  CONSTRAINT `PEDIDOS_PEDIDOS_ORIGEN_fk1` FOREIGN KEY (`id_origen`) REFERENCES `PEDIDOS_ORIGEN` (`id_origen`) ON DELETE NO ACTION ON UPDATE NO ACTION
) ENGINE=InnoDB DEFAULT CHARSET=latin1;
/*!40101 SET character_set_client = @saved_cs_client */;

--
-- Dumping data for table `PEDIDOS`
--

LOCK TABLES `PEDIDOS` WRITE;
/*!40000 ALTER TABLE `PEDIDOS` DISABLE KEYS */;
/*!40000 ALTER TABLE `PEDIDOS` ENABLE KEYS */;
UNLOCK TABLES;

--
-- Table structure for table `APPBS_APLICACIONES`
--

DROP TABLE IF EXISTS `APPBS_APLICACIONES`;
/*!40101 SET @saved_cs_client     = @@character_set_client */;
/*!40101 SET character_set_client = utf8 */;
CREATE TABLE `APPBS_APLICACIONES` (
  `ID_APLICACION` varchar(10) NOT NULL DEFAULT '' COMMENT 'Codigo',
  `NOMBRE` varchar(45) NOT NULL DEFAULT '' COMMENT 'Nombre',
  PRIMARY KEY (`ID_APLICACION`)
) ENGINE=InnoDB DEFAULT CHARSET=utf8 COMMENT='Aplicaciones';
/*!40101 SET character_set_client = @saved_cs_client */;

--
-- Dumping data for table `APPBS_APLICACIONES`
--

LOCK TABLES `APPBS_APLICACIONES` WRITE;
/*!40000 ALTER TABLE `APPBS_APLICACIONES` DISABLE KEYS */;
INSERT INTO `APPBS_APLICACIONES` VALUES ('DEMO','Demo Vincomovile');
/*!40000 ALTER TABLE `APPBS_APLICACIONES` ENABLE KEYS */;
UNLOCK TABLES;

--
-- Table structure for table `APPBS_PERFILES`
--

DROP TABLE IF EXISTS `APPBS_PERFILES`;
/*!40101 SET @saved_cs_client     = @@character_set_client */;
/*!40101 SET character_set_client = utf8 */;
CREATE TABLE `APPBS_PERFILES` (
  `ID_PERFIL` int(11) unsigned NOT NULL DEFAULT '0',
  `NOMBRE` varchar(100) DEFAULT NULL,
  `TIPO` varchar(45) DEFAULT NULL COMMENT 'Tipo del perfil',
  PRIMARY KEY (`ID_PERFIL`)
) ENGINE=InnoDB DEFAULT CHARSET=utf8 COMMENT='Perfiles de usuarios';
/*!40101 SET character_set_client = @saved_cs_client */;

--
-- Dumping data for table `APPBS_PERFILES`
--

LOCK TABLES `APPBS_PERFILES` WRITE;
/*!40000 ALTER TABLE `APPBS_PERFILES` DISABLE KEYS */;
INSERT INTO `APPBS_PERFILES` VALUES (1,'Administrador','MANAGER'),(2,'Vendedor','SALES'),(3,'Cliente','CLIENT');
/*!40000 ALTER TABLE `APPBS_PERFILES` ENABLE KEYS */;
UNLOCK TABLES;

--
-- Table structure for table `CLIENTES_CONTACTOS`
--

DROP TABLE IF EXISTS `CLIENTES_CONTACTOS`;
/*!40101 SET @saved_cs_client     = @@character_set_client */;
/*!40101 SET character_set_client = utf8 */;
CREATE TABLE `CLIENTES_CONTACTOS` (
  `id_contacto` bigint(15) NOT NULL,
  `id_cliente` bigint(15) NOT NULL,
  `id_direccion` bigint(15) NOT NULL,
  `nombre` varchar(80) CHARACTER SET latin1 COLLATE latin1_bin DEFAULT NULL,
  `email` varchar(80) CHARACTER SET latin1 COLLATE latin1_bin DEFAULT NULL,
  `telefono` varchar(30) CHARACTER SET latin1 COLLATE latin1_bin DEFAULT NULL,
  `fax` varchar(30) CHARACTER SET latin1 COLLATE latin1_bin DEFAULT NULL,
  `ref_contacto_web` varchar(30) CHARACTER SET latin1 COLLATE latin1_bin DEFAULT NULL,
  `ref_dir_web` varchar(30) CHARACTER SET latin1 COLLATE latin1_bin DEFAULT NULL,
  `ref_cli_web` varchar(30) CHARACTER SET latin1 COLLATE latin1_bin DEFAULT NULL,
  `exportable` varchar(1) CHARACTER SET latin1 COLLATE latin1_bin DEFAULT 'N',
  `fuente` varchar(20) CHARACTER SET latin1 COLLATE latin1_bin DEFAULT NULL,
  `mobile_id_cliente` bigint(15) DEFAULT NULL,
  `mobile_id_direccion` bigint(15) DEFAULT NULL,
  `mobile_id_contacto` bigint(15) DEFAULT NULL,
  `mobile_id` bigint(15) DEFAULT NULL,
  PRIMARY KEY (`id_contacto`,`id_cliente`,`id_direccion`),
  KEY `CLIENTES_CONTACTOS_client_fk1` (`id_cliente`),
  CONSTRAINT `CLIENTES_CONTACTOS_client_fk1` FOREIGN KEY (`id_cliente`) REFERENCES `CLIENTES` (`id_cliente`) ON DELETE NO ACTION ON UPDATE NO ACTION
) ENGINE=InnoDB DEFAULT CHARSET=latin1;
/*!40101 SET character_set_client = @saved_cs_client */;

--
-- Dumping data for table `CLIENTES_CONTACTOS`
--

LOCK TABLES `CLIENTES_CONTACTOS` WRITE;
/*!40000 ALTER TABLE `CLIENTES_CONTACTOS` DISABLE KEYS */;
INSERT INTO `CLIENTES_CONTACTOS` VALUES (1000,1000,0,'CONTABILIDAD',NULL,'600.123.123',NULL,NULL,NULL,NULL,'N',NULL,NULL,NULL,NULL,NULL),(1001,1001,0,'CONTABILIDAD',NULL,'600.123.123',NULL,NULL,NULL,NULL,'N',NULL,NULL,NULL,NULL,NULL),(1002,1002,0,'CONTABILIDAD',NULL,'600.123.123',NULL,NULL,NULL,NULL,'N',NULL,NULL,NULL,NULL,NULL),(1003,1003,0,'CONTABILIDAD',NULL,'600.123.123',NULL,NULL,NULL,NULL,'N',NULL,NULL,NULL,NULL,NULL),(1004,1004,0,'CONTABILIDAD',NULL,'600.123.123',NULL,NULL,NULL,NULL,'N',NULL,NULL,NULL,NULL,NULL),(1005,1005,0,'CONTABILIDAD',NULL,'600.123.123',NULL,NULL,NULL,NULL,'N',NULL,NULL,NULL,NULL,NULL),(1006,1006,0,'CONTABILIDAD',NULL,'600.123.123',NULL,NULL,NULL,NULL,'N',NULL,NULL,NULL,NULL,NULL),(1007,1007,0,'CONTABILIDAD',NULL,'600.123.123',NULL,NULL,NULL,NULL,'N',NULL,NULL,NULL,NULL,NULL),(1008,1008,0,'CONTABILIDAD',NULL,'600.123.123',NULL,NULL,NULL,NULL,'N',NULL,NULL,NULL,NULL,NULL),(1009,1009,0,'CONTABILIDAD',NULL,'600.123.123',NULL,NULL,NULL,NULL,'N',NULL,NULL,NULL,NULL,NULL),(1010,1010,0,'CONTABILIDAD',NULL,'600.123.123',NULL,NULL,NULL,NULL,'N',NULL,NULL,NULL,NULL,NULL),(1011,1011,0,'CONTABILIDAD',NULL,'600.123.123',NULL,NULL,NULL,NULL,'N',NULL,NULL,NULL,NULL,NULL),(1012,1012,0,'CONTABILIDAD',NULL,'600.123.123',NULL,NULL,NULL,NULL,'N',NULL,NULL,NULL,NULL,NULL),(1013,1013,0,'CONTABILIDAD',NULL,'600.123.123',NULL,NULL,NULL,NULL,'N',NULL,NULL,NULL,NULL,NULL),(1014,1014,0,'CONTABILIDAD',NULL,'600.123.123',NULL,NULL,NULL,NULL,'N',NULL,NULL,NULL,NULL,NULL),(1015,1015,0,'CONTABILIDAD',NULL,'600.123.123',NULL,NULL,NULL,NULL,'N',NULL,NULL,NULL,NULL,NULL),(1016,1000,0,'COMERCIAL',NULL,'600.123.120',NULL,NULL,NULL,NULL,'N',NULL,NULL,NULL,NULL,NULL),(1017,1001,0,'COMERCIAL',NULL,'600.123.120',NULL,NULL,NULL,NULL,'N',NULL,NULL,NULL,NULL,NULL),(1018,1002,0,'COMERCIAL',NULL,'600.123.120',NULL,NULL,NULL,NULL,'N',NULL,NULL,NULL,NULL,NULL),(1019,1003,0,'COMERCIAL',NULL,'600.123.120',NULL,NULL,NULL,NULL,'N',NULL,NULL,NULL,NULL,NULL),(1020,1004,0,'COMERCIAL',NULL,'600.123.120',NULL,NULL,NULL,NULL,'N',NULL,NULL,NULL,NULL,NULL),(1021,1005,0,'COMERCIAL',NULL,'600.123.120',NULL,NULL,NULL,NULL,'N',NULL,NULL,NULL,NULL,NULL),(1022,1006,0,'COMERCIAL',NULL,'600.123.120',NULL,NULL,NULL,NULL,'N',NULL,NULL,NULL,NULL,NULL),(1023,1007,0,'COMERCIAL',NULL,'600.123.120',NULL,NULL,NULL,NULL,'N',NULL,NULL,NULL,NULL,NULL),(1024,1008,0,'COMERCIAL',NULL,'600.123.120',NULL,NULL,NULL,NULL,'N',NULL,NULL,NULL,NULL,NULL),(1025,1009,0,'COMERCIAL',NULL,'600.123.120',NULL,NULL,NULL,NULL,'N',NULL,NULL,NULL,NULL,NULL),(1026,1010,0,'COMERCIAL',NULL,'600.123.120',NULL,NULL,NULL,NULL,'N',NULL,NULL,NULL,NULL,NULL),(1027,1011,0,'COMERCIAL',NULL,'600.123.120',NULL,NULL,NULL,NULL,'N',NULL,NULL,NULL,NULL,NULL),(1028,1012,0,'COMERCIAL',NULL,'600.123.120',NULL,NULL,NULL,NULL,'N',NULL,NULL,NULL,NULL,NULL),(1029,1013,0,'COMERCIAL',NULL,'600.123.120',NULL,NULL,NULL,NULL,'N',NULL,NULL,NULL,NULL,NULL),(1030,1014,0,'COMERCIAL',NULL,'600.123.120',NULL,NULL,NULL,NULL,'N',NULL,NULL,NULL,NULL,NULL),(1031,1015,0,'COMERCIAL',NULL,'600.123.120',NULL,NULL,NULL,NULL,'N',NULL,NULL,NULL,NULL,NULL);
/*!40000 ALTER TABLE `CLIENTES_CONTACTOS` ENABLE KEYS */;
UNLOCK TABLES;

--
-- Table structure for table `MONEDAS`
--

DROP TABLE IF EXISTS `MONEDAS`;
/*!40101 SET @saved_cs_client     = @@character_set_client */;
/*!40101 SET character_set_client = utf8 */;
CREATE TABLE `MONEDAS` (
  `id_moneda` varchar(10) CHARACTER SET latin1 COLLATE latin1_bin NOT NULL,
  `nombre` varchar(30) CHARACTER SET latin1 COLLATE latin1_bin NOT NULL,
  `simbolo` varchar(10) CHARACTER SET latin1 COLLATE latin1_bin NOT NULL,
  `tipo_cambio` decimal(22,0) NOT NULL,
  PRIMARY KEY (`id_moneda`)
) ENGINE=InnoDB DEFAULT CHARSET=latin1;
/*!40101 SET character_set_client = @saved_cs_client */;

--
-- Dumping data for table `MONEDAS`
--

LOCK TABLES `MONEDAS` WRITE;
/*!40000 ALTER TABLE `MONEDAS` DISABLE KEYS */;
INSERT INTO `MONEDAS` VALUES ('EUR','Euro','&euro;','1');
/*!40000 ALTER TABLE `MONEDAS` ENABLE KEYS */;
UNLOCK TABLES;

--
-- Table structure for table `PROMOCIONES_LINEAS`
--

DROP TABLE IF EXISTS `PROMOCIONES_LINEAS`;
/*!40101 SET @saved_cs_client     = @@character_set_client */;
/*!40101 SET character_set_client = utf8 */;
CREATE TABLE `PROMOCIONES_LINEAS` (
  `id_promocion` bigint(15) NOT NULL,
  `id_linea` bigint(15) NOT NULL,
  `item_id` bigint(15) NOT NULL,
  `operacion` varchar(30) CHARACTER SET latin1 COLLATE latin1_bin NOT NULL,
  `valor` decimal(22,0) NOT NULL,
  `exportable` varchar(1) CHARACTER SET latin1 COLLATE latin1_bin DEFAULT 'S',
  PRIMARY KEY (`id_promocion`,`id_linea`,`item_id`),
  KEY `PROMOCIONES_LINEAS_articu_fk1` (`item_id`),
  CONSTRAINT `PROMOCIONES_LINEAS_articu_fk1` FOREIGN KEY (`item_id`) REFERENCES `ARTICULOS` (`item_id`) ON DELETE NO ACTION ON UPDATE NO ACTION,
  CONSTRAINT `PROMOCIONES_LINEAS_promoc_fk1` FOREIGN KEY (`id_promocion`) REFERENCES `PROMOCIONES` (`id_promocion`) ON DELETE NO ACTION ON UPDATE NO ACTION
) ENGINE=InnoDB DEFAULT CHARSET=latin1;
/*!40101 SET character_set_client = @saved_cs_client */;

--
-- Dumping data for table `PROMOCIONES_LINEAS`
--

LOCK TABLES `PROMOCIONES_LINEAS` WRITE;
/*!40000 ALTER TABLE `PROMOCIONES_LINEAS` DISABLE KEYS */;
/*!40000 ALTER TABLE `PROMOCIONES_LINEAS` ENABLE KEYS */;
UNLOCK TABLES;

--
-- Table structure for table `APPBS_USUARIOS_HIST_CLAVES`
--

DROP TABLE IF EXISTS `APPBS_USUARIOS_HIST_CLAVES`;
/*!40101 SET @saved_cs_client     = @@character_set_client */;
/*!40101 SET character_set_client = utf8 */;
CREATE TABLE `APPBS_USUARIOS_HIST_CLAVES` (
  `ID_USUARIO` int(11) unsigned NOT NULL COMMENT 'Codigo del usuario',
  `CLAVE` varchar(45) NOT NULL COMMENT 'Clave',
  `FECHA` datetime DEFAULT NULL COMMENT 'Fecha de creacion',
  PRIMARY KEY (`ID_USUARIO`,`CLAVE`),
  KEY `FK_USUARIOS_HIST_CLAVES_1` (`ID_USUARIO`),
  CONSTRAINT `fk_APPBS_USUARIOS_HIST_CLAVES_1` FOREIGN KEY (`ID_USUARIO`) REFERENCES `APPBS_USUARIOS` (`ID_USUARIO`) ON DELETE CASCADE ON UPDATE CASCADE
) ENGINE=InnoDB DEFAULT CHARSET=utf8 COMMENT='Historico de utilizacion de las claves';
/*!40101 SET character_set_client = @saved_cs_client */;

--
-- Dumping data for table `APPBS_USUARIOS_HIST_CLAVES`
--

LOCK TABLES `APPBS_USUARIOS_HIST_CLAVES` WRITE;
/*!40000 ALTER TABLE `APPBS_USUARIOS_HIST_CLAVES` DISABLE KEYS */;
/*!40000 ALTER TABLE `APPBS_USUARIOS_HIST_CLAVES` ENABLE KEYS */;
UNLOCK TABLES;

--
-- Table structure for table `CLIENTES`
--

DROP TABLE IF EXISTS `CLIENTES`;
/*!40101 SET @saved_cs_client     = @@character_set_client */;
/*!40101 SET character_set_client = utf8 */;
CREATE TABLE `CLIENTES` (
  `id_cliente` bigint(15) NOT NULL,
  `cif` varchar(30) CHARACTER SET latin1 COLLATE latin1_bin DEFAULT NULL,
  `nombre` varchar(100) CHARACTER SET latin1 COLLATE latin1_bin NOT NULL,
  `numero` bigint(15) DEFAULT NULL,
  `clase` varchar(80) CHARACTER SET latin1 COLLATE latin1_bin DEFAULT NULL,
  `id_condpago` bigint(15) DEFAULT NULL,
  `id_IVA` varchar(30) CHARACTER SET latin1 COLLATE latin1_bin DEFAULT NULL,
  `ref_web` varchar(30) CHARACTER SET latin1 COLLATE latin1_bin DEFAULT NULL,
  `id_lista_prec` bigint(15) DEFAULT NULL,
  `email` varchar(200) CHARACTER SET latin1 COLLATE latin1_bin DEFAULT NULL,
  `email_comercial` varchar(200) CHARACTER SET latin1 COLLATE latin1_bin DEFAULT NULL,
  `persona_flag` varchar(1) CHARACTER SET latin1 COLLATE latin1_bin DEFAULT NULL,
  `persona_nombre` varchar(50) CHARACTER SET latin1 COLLATE latin1_bin DEFAULT NULL,
  `persona_apellidos` varchar(50) CHARACTER SET latin1 COLLATE latin1_bin DEFAULT NULL,
  `exportable` varchar(1) CHARACTER SET latin1 COLLATE latin1_bin DEFAULT 'N',
  `precio_punto` decimal(15,2) DEFAULT NULL,
  `agente_flag` varchar(1) CHARACTER SET latin1 COLLATE latin1_bin DEFAULT NULL,
  `multiplicador` decimal(15,2) DEFAULT NULL,
  `cb_entidad` varchar(4) CHARACTER SET latin1 COLLATE latin1_bin DEFAULT NULL,
  `cb_sucursal` varchar(4) CHARACTER SET latin1 COLLATE latin1_bin DEFAULT NULL,
  `cb_dc` varchar(2) CHARACTER SET latin1 COLLATE latin1_bin DEFAULT NULL,
  `cb_cuenta` varchar(20) CHARACTER SET latin1 COLLATE latin1_bin DEFAULT NULL,
  `id_agente` bigint(15) DEFAULT NULL,
  `valido` varchar(1) CHARACTER SET latin1 COLLATE latin1_bin DEFAULT NULL,
  `fuente` varchar(20) CHARACTER SET latin1 COLLATE latin1_bin DEFAULT NULL,
  `mobile_id` bigint(15) DEFAULT NULL,
  `mobile_id_cliente` bigint(15) DEFAULT NULL,
  PRIMARY KEY (`id_cliente`),
  KEY `CLIENTES_CONDICIONES_PAGO_fk1` (`id_condpago`),
  KEY `CLIENTES_IVA_fk1` (`id_IVA`),
  KEY `CLIENTES_LISTAS_PRECIOS_fk1` (`id_lista_prec`),
  CONSTRAINT `CLIENTES_CONDICIONES_PAGO_fk1` FOREIGN KEY (`id_condpago`) REFERENCES `CONDICIONES_PAGO` (`id_condpago`) ON DELETE NO ACTION ON UPDATE NO ACTION,
  CONSTRAINT `CLIENTES_IVA_fk1` FOREIGN KEY (`id_IVA`) REFERENCES `IVA` (`id_IVA`) ON DELETE NO ACTION ON UPDATE NO ACTION,
  CONSTRAINT `CLIENTES_LISTAS_PRECIOS_fk1` FOREIGN KEY (`id_lista_prec`) REFERENCES `LISTAS_PRECIOS` (`id_lista_prec`) ON DELETE NO ACTION ON UPDATE NO ACTION
) ENGINE=InnoDB DEFAULT CHARSET=latin1;
/*!40101 SET character_set_client = @saved_cs_client */;

--
-- Dumping data for table `CLIENTES`
--

LOCK TABLES `CLIENTES` WRITE;
/*!40000 ALTER TABLE `CLIENTES` DISABLE KEYS */;
INSERT INTO `CLIENTES` VALUES (1000,'48789398G','DECORACIONES S.L',1000,'Tiendas',1000,'IVA 18%',NULL,1,'decoracion@gmail.com','decoracion@gmail.com','N',NULL,NULL,'N','1.00',NULL,NULL,NULL,NULL,NULL,NULL,NULL,NULL,NULL,NULL,NULL),(1001,'G58785358','LA FABRICA S.L',1001,'Tiendas',1001,'IVA 18%',NULL,1,'lafabrica@hotmail.com','lafabrica@hotmail.com','N',NULL,NULL,'N','1.00',NULL,NULL,NULL,NULL,NULL,NULL,NULL,NULL,NULL,NULL,NULL),(1002,'S59795359','EL MUEBLE S.L',1002,'Tiendas',1002,'IVA 18%',NULL,1,'elmueble@hotmail.com','elmueble@hotmail.com','N',NULL,NULL,'N','1.00',NULL,NULL,NULL,NULL,NULL,NULL,NULL,NULL,NULL,NULL,NULL),(1003,'B49794959','RICON DECO S.A',1003,'Tiendas',1003,'IVA 18%',NULL,1,'deco@yahoo.com','deco@yahoo.com','N',NULL,NULL,'N','1.00',NULL,NULL,NULL,NULL,NULL,NULL,NULL,NULL,NULL,NULL,NULL),(1004,'C59455679','ART&DECO S.A',1004,'Tiendas',1000,'IVA 18%',NULL,1,'artdeco@yahoo.com','artdeco@yahoo.com','N',NULL,NULL,'N','1.00',NULL,NULL,NULL,NULL,NULL,NULL,NULL,NULL,NULL,NULL,NULL),(1005,'E56745359','MAX MUEBLE S.A',1005,'Tiendas',1001,'IVA 18%',NULL,1,'info@maxmueble.com','info@maxmueble.com','N',NULL,NULL,'N','1.00',NULL,NULL,NULL,NULL,NULL,NULL,NULL,NULL,NULL,NULL,NULL),(1006,'56123999H','MARIA CRISTINA',1006,'Particulares',1000,'IVA 18%',NULL,1,'maria_67@gmail.com','maria_67@gmail.com','N',NULL,NULL,'N','2.00',NULL,NULL,NULL,NULL,NULL,NULL,NULL,NULL,NULL,NULL,NULL),(1007,'56785765H','JOSE MARIA',1007,'Particulares',1000,'IVA 18%',NULL,1,'jm_3456@hotmail.com','jm_3456@hotmail.com','N',NULL,NULL,'N','2.00',NULL,NULL,NULL,NULL,NULL,NULL,NULL,NULL,NULL,NULL,NULL),(1008,'56678870H','ANTONIA DE LA CARIDAD',1008,'Particulares',1000,'IVA 18%',NULL,1,'info@maxmueble.com','info@maxmueble.com','N',NULL,NULL,'N','2.00',NULL,NULL,NULL,NULL,NULL,NULL,NULL,NULL,NULL,NULL,NULL),(1009,'L53785345','MAX Y MAX',1009,'Grandes superficies',1001,'IVA 18%',NULL,1,'info@maxmax.com','info@maxmax.com','N',NULL,NULL,'N','0.80',NULL,NULL,NULL,NULL,NULL,NULL,NULL,NULL,NULL,NULL,NULL),(1010,'K45357843','TOTAL DISCOUNT',1010,'Grandes superficies',1001,'IVA 18%',NULL,1,'info@discount.com','info@discount.com','N',NULL,NULL,'N','0.80',NULL,NULL,NULL,NULL,NULL,NULL,NULL,NULL,NULL,NULL,NULL),(1011,'N56732100','SOL HOTELS',1011,'Hosteleria',1001,'IVA 18%',NULL,1,'info@sol.com','info@sol.com','N',NULL,NULL,'N','0.80',NULL,NULL,NULL,NULL,NULL,NULL,NULL,NULL,NULL,NULL,NULL),(1012,'H45385345','ARENA HOTELS',1012,'Hosteleria',1002,'IVA 18%',NULL,1,'info@arena.com','info@arena.com','N',NULL,NULL,'N','0.80',NULL,NULL,NULL,NULL,NULL,NULL,NULL,NULL,NULL,NULL,NULL),(1013,'H45235323','MAR HOTELS',1013,'Hosteleria',1003,'IVA 18%',NULL,1,'info@marhotels.com','info@marhotels.com','N',NULL,NULL,'N','0.80',NULL,NULL,NULL,NULL,NULL,NULL,NULL,NULL,NULL,NULL,NULL),(1014,'H42385325','SKY HOTELS',1014,'Hosteleria',1003,'IVA 18%',NULL,1,'info@skyhotels.com','info@skyhotels.com','N',NULL,NULL,'N','0.80',NULL,NULL,NULL,NULL,NULL,NULL,NULL,NULL,NULL,NULL,NULL),(1015,'M45678945','GRANT DECO LINES',1015,'Mayoristas',1003,'IVA 18%',NULL,1,'info@decoline.com','info@decoline.com','N',NULL,NULL,'N','1.00',NULL,NULL,NULL,NULL,NULL,NULL,NULL,NULL,NULL,NULL,NULL),(1016,'K47654345','EXCLUSIVE STYLE S.L',1016,'Mayoristas',1003,'IVA 18%',NULL,1,'info@style.com','info@style.com','N',NULL,NULL,'N','1.00',NULL,NULL,NULL,NULL,NULL,NULL,NULL,NULL,NULL,NULL,NULL);
/*!40000 ALTER TABLE `CLIENTES` ENABLE KEYS */;
UNLOCK TABLES;

--
-- Table structure for table `LISTAS_PRECIOS`
--

DROP TABLE IF EXISTS `LISTAS_PRECIOS`;
/*!40101 SET @saved_cs_client     = @@character_set_client */;
/*!40101 SET character_set_client = utf8 */;
CREATE TABLE `LISTAS_PRECIOS` (
  `id_lista_prec` bigint(15) NOT NULL,
  `nombre` varchar(80) CHARACTER SET latin1 COLLATE latin1_bin NOT NULL,
  `id_moneda` varchar(10) CHARACTER SET latin1 COLLATE latin1_bin NOT NULL,
  `puntos` varchar(1) CHARACTER SET latin1 COLLATE latin1_bin DEFAULT NULL,
  PRIMARY KEY (`id_lista_prec`),
  KEY `LISTAS_PRECIOS_MONEDAS_fk1` (`id_moneda`),
  CONSTRAINT `LISTAS_PRECIOS_MONEDAS_fk1` FOREIGN KEY (`id_moneda`) REFERENCES `MONEDAS` (`id_moneda`) ON DELETE NO ACTION ON UPDATE NO ACTION
) ENGINE=InnoDB DEFAULT CHARSET=latin1;
/*!40101 SET character_set_client = @saved_cs_client */;

--
-- Dumping data for table `LISTAS_PRECIOS`
--

LOCK TABLES `LISTAS_PRECIOS` WRITE;
/*!40000 ALTER TABLE `LISTAS_PRECIOS` DISABLE KEYS */;
INSERT INTO `LISTAS_PRECIOS` VALUES (1,'Estandar','EUR','Y');
/*!40000 ALTER TABLE `LISTAS_PRECIOS` ENABLE KEYS */;
UNLOCK TABLES;

--
-- Table structure for table `PEDIDOS_LINEAS`
--

DROP TABLE IF EXISTS `PEDIDOS_LINEAS`;
/*!40101 SET @saved_cs_client     = @@character_set_client */;
/*!40101 SET character_set_client = utf8 */;
CREATE TABLE `PEDIDOS_LINEAS` (
  `pedido_num` bigint(15) NOT NULL,
  `linea_num` bigint(15) NOT NULL,
  `item_id` bigint(15) NOT NULL,
  `cantidad` bigint(15) NOT NULL,
  `precio` decimal(15,2) NOT NULL,
  `id_promocion` bigint(15) DEFAULT NULL,
  `id_promo_linea` bigint(15) DEFAULT NULL,
  `descuento` decimal(22,0) NOT NULL DEFAULT '0',
  `operador` varchar(20) CHARACTER SET latin1 COLLATE latin1_bin NOT NULL DEFAULT '%',
  `exportable` varchar(1) CHARACTER SET latin1 COLLATE latin1_bin DEFAULT 'S',
  `conjunto` decimal(22,0) DEFAULT '0',
  `en_tienda` varchar(1) CHARACTER SET latin1 COLLATE latin1_bin DEFAULT NULL,
  `item_id_web` bigint(15) DEFAULT NULL,
  `mobile_pedido_num` bigint(15) DEFAULT NULL,
  `mobile_id` bigint(15) DEFAULT NULL,
  `id_vendedor` bigint(15) DEFAULT NULL,
  PRIMARY KEY (`pedido_num`,`linea_num`),
  KEY `PEDIDOS_LINEAS_ARTICULOS_fk1` (`item_id`),
  KEY `PEDIDOS_LINEAS_promocione_fk1` (`id_promocion`,`id_promo_linea`,`item_id`),
  CONSTRAINT `PEDIDOS_LINEAS_ARTICULOS_fk1` FOREIGN KEY (`item_id`) REFERENCES `ARTICULOS` (`item_id`) ON DELETE NO ACTION ON UPDATE NO ACTION,
  CONSTRAINT `PEDIDOS_LINEAS_PEDIDOS_fk1` FOREIGN KEY (`pedido_num`) REFERENCES `PEDIDOS` (`pedido_num`) ON DELETE NO ACTION ON UPDATE NO ACTION,
  CONSTRAINT `PEDIDOS_LINEAS_promocione_fk1` FOREIGN KEY (`id_promocion`, `id_promo_linea`, `item_id`) REFERENCES `PROMOCIONES_LINEAS` (`id_promocion`, `id_linea`, `item_id`) ON DELETE NO ACTION ON UPDATE NO ACTION
) ENGINE=InnoDB DEFAULT CHARSET=latin1;
/*!40101 SET character_set_client = @saved_cs_client */;

--
-- Dumping data for table `PEDIDOS_LINEAS`
--

LOCK TABLES `PEDIDOS_LINEAS` WRITE;
/*!40000 ALTER TABLE `PEDIDOS_LINEAS` DISABLE KEYS */;
/*!40000 ALTER TABLE `PEDIDOS_LINEAS` ENABLE KEYS */;
UNLOCK TABLES;

--
-- Table structure for table `COLORES`
--

DROP TABLE IF EXISTS `COLORES`;
/*!40101 SET @saved_cs_client     = @@character_set_client */;
/*!40101 SET character_set_client = utf8 */;
CREATE TABLE `COLORES` (
  `id_color` varchar(30) CHARACTER SET latin1 COLLATE latin1_bin NOT NULL,
  `id_idioma` int(10) unsigned NOT NULL,
  `nombre` varchar(50) CHARACTER SET latin1 COLLATE latin1_bin NOT NULL,
  PRIMARY KEY (`id_color`,`id_idioma`),
  KEY `COLORES_IDIOMAS_fk1` (`id_idioma`),
  KEY `fk_COLORES_1` (`id_idioma`),
  CONSTRAINT `fk_COLORES_1` FOREIGN KEY (`id_idioma`) REFERENCES `APPEX_IDIOMAS` (`ID_IDIOMA`) ON DELETE CASCADE ON UPDATE CASCADE
) ENGINE=InnoDB DEFAULT CHARSET=latin1;
/*!40101 SET character_set_client = @saved_cs_client */;

--
-- Dumping data for table `COLORES`
--

LOCK TABLES `COLORES` WRITE;
/*!40000 ALTER TABLE `COLORES` DISABLE KEYS */;
INSERT INTO `COLORES` VALUES ('001',2,'Amarillo'),('001',3,'Jaune'),('001',4,'Yellow'),('001',5,'Giallo'),('001',6,'Amarelo'),('002',2,'Antik'),('002',3,'Antik'),('002',4,'Antik'),('002',5,'Antik'),('002',6,'Antik'),('003',2,'Arena'),('003',3,'Sable'),('003',4,'Sand'),('003',5,'Sabbia'),('003',6,'Areia'),('004',2,'Beige'),('004',3,'Beige'),('004',4,'Beige'),('004',5,'Beige'),('004',6,'Bege'),('005',2,'Blanco'),('005',3,'Cible'),('005',4,'Target'),('005',5,'Obiettivo'),('005',6,'Alvo'),('006',2,'Cerezo'),('006',3,'Cerise'),('006',4,'Cherry'),('006',5,'Ciliegia'),('006',6,'Cereja'),('007',2,'Crema'),('007',3,'Crème'),('007',4,'Cream'),('007',5,'Crema'),('007',6,'Creme'),('008',2,'Cromo'),('008',3,'Chrome'),('008',4,'Chromium'),('008',5,'Cromo'),('008',6,'Crômio'),('009',2,'Dorado'),('009',3,'D\'or'),('009',4,'Golden'),('009',5,'D\'oro'),('009',6,'Dourado'),('010',2,'Marfil'),('010',3,'Ivoire'),('010',4,'Ivory'),('010',5,'Avorio'),('010',6,'Marfim'),('011',2,'Marron'),('011',3,'Brun'),('011',4,'Brown'),('011',5,'Marrone'),('011',6,'Marrom'),('012',2,'Naranja'),('012',3,'Orange'),('012',4,'Orange'),('012',5,'Arancione'),('012',6,'Laranja'),('013',2,'Negro'),('013',3,'Noir'),('013',4,'Black'),('013',5,'Nero'),('013',6,'Preto'),('014',2,'Oro'),('014',3,'Or'),('014',4,'Gold'),('014',5,'Oro'),('014',6,'Ouro'),('015',2,'Oxido'),('015',3,'Oxyde'),('015',4,'Oxide'),('015',5,'Ossido'),('015',6,'Óxido'),('016',2,'Plateado'),('016',3,'Argent'),('016',4,'Silver'),('016',5,'Argento'),('016',6,'Prata'),('017',2,'Rojo'),('017',3,'Rouge'),('017',4,'Red'),('017',5,'Rosso'),('017',6,'Vermelho'),('018',2,'Vainilla'),('018',3,'Vanille'),('018',4,'Vanilla'),('018',5,'Vaniglia'),('018',6,'Baunilha'),('019',2,'Verde musgo'),('019',3,'Vert mousse'),('019',4,'Moss Green'),('019',5,'Moss verde'),('019',6,'Verde musgo'),('020',2,'Wenge'),('020',3,'Wenge'),('020',4,'Wenge'),('020',5,'Wenge'),('020',6,'Wenge'),('NA',2,'NA'),('NA',3,'NA'),('NA',4,'NA'),('NA',5,'NA'),('NA',6,'NA');
/*!40000 ALTER TABLE `COLORES` ENABLE KEYS */;
UNLOCK TABLES;

--
-- Table structure for table `APPBS_USUARIOS_LOG`
--

DROP TABLE IF EXISTS `APPBS_USUARIOS_LOG`;
/*!40101 SET @saved_cs_client     = @@character_set_client */;
/*!40101 SET character_set_client = utf8 */;
CREATE TABLE `APPBS_USUARIOS_LOG` (
  `ID_USUARIO_LOG` int(11) NOT NULL AUTO_INCREMENT COMMENT 'Id. de la tabla',
  `ID_USUARIO` int(11) unsigned NOT NULL COMMENT 'Id. del usuario',
  `ID_APLICACION` varchar(10) NOT NULL COMMENT 'Id. de la aplicacion',
  `ID_TIPO` int(11) NOT NULL COMMENT 'Tipo',
  `FECHA` datetime NOT NULL COMMENT 'Fecha del evento',
  `NIVEL` int(11) DEFAULT NULL COMMENT 'Nivel de Log',
  `SESION_ID` varchar(50) DEFAULT NULL COMMENT 'Id. de la sesion',
  `TEXTO1` varchar(200) DEFAULT NULL COMMENT 'Valor de texto 1',
  `TEXTO2` varchar(200) DEFAULT NULL COMMENT 'Valor de texto 2',
  `TEXTO3` varchar(200) DEFAULT NULL COMMENT 'Valor de texto 3',
  `TEXTO4` varchar(200) DEFAULT NULL COMMENT 'Valor de texto 4',
  `TEXTO5` varchar(200) DEFAULT NULL COMMENT 'Valor de texto 5',
  PRIMARY KEY (`ID_USUARIO_LOG`),
  KEY `fk_APPBS_USUARIOS_LOG_1` (`ID_USUARIO`,`ID_APLICACION`),
  KEY `fk_APPBS_USUARIOS_LOG_2` (`ID_TIPO`),
  KEY `fk_APPBS_USUARIOS_LOG_4` (`FECHA`),
  KEY `fk_APPBS_USUARIOS_LOG_5` (`SESION_ID`),
  CONSTRAINT `fk_APPBS_USUARIOS_LOG_1` FOREIGN KEY (`ID_USUARIO`, `ID_APLICACION`) REFERENCES `APPBS_USUARIOS_PERFILES` (`ID_USUARIO`, `ID_APLICACION`) ON DELETE CASCADE ON UPDATE CASCADE,
  CONSTRAINT `fk_APPBS_USUARIOS_LOG_2` FOREIGN KEY (`ID_TIPO`) REFERENCES `APPBS_USUARIOS_LOG_LEGEND` (`ID_TIPO`) ON DELETE CASCADE ON UPDATE CASCADE
) ENGINE=InnoDB AUTO_INCREMENT=31 DEFAULT CHARSET=utf8 COMMENT='Log por usuarios';
/*!40101 SET character_set_client = @saved_cs_client */;

--
-- Dumping data for table `APPBS_USUARIOS_LOG`
--

LOCK TABLES `APPBS_USUARIOS_LOG` WRITE;
/*!40000 ALTER TABLE `APPBS_USUARIOS_LOG` DISABLE KEYS */;
INSERT INTO `APPBS_USUARIOS_LOG` VALUES (12,50,'DEMO',1200,'2012-06-01 23:41:19',3,'E1D0086ABEE79B6D465A8DBAB8290513','50','Vendedor Levante','SALES',NULL,NULL),(13,50,'DEMO',1200,'2012-06-01 23:44:14',3,'6974865CD6C6CB889B8093968D218B40','50','Vendedor Levante','SALES',NULL,NULL),(14,50,'DEMO',1200,'2012-06-01 23:44:52',3,'55273CA9C9089FE860E1163C8943B74E','50','Vendedor Levante','SALES',NULL,NULL),(15,50,'DEMO',1200,'2012-06-01 23:45:34',3,'62B3D5D89690C786EC104C9EF236F2BC','50','Vendedor Levante','SALES',NULL,NULL),(16,50,'DEMO',1200,'2012-06-01 23:47:19',3,'62B3D5D89690C786EC104C9EF236F2BC','50','Vendedor Levante','SALES',NULL,NULL),(17,50,'DEMO',1200,'2012-06-01 23:47:58',3,'62B3D5D89690C786EC104C9EF236F2BC','50','Vendedor Levante','SALES',NULL,NULL),(18,50,'DEMO',1200,'2012-06-01 23:48:33',3,'41D75A2C382E6A0CE66B2F85A9CCC4DA','50','Vendedor Levante','SALES',NULL,NULL),(19,50,'DEMO',1200,'2012-06-02 20:59:57',3,'71611E34F67558B23007993E5774B22A','50','Vendedor Levante','SALES',NULL,NULL),(20,50,'DEMO',1200,'2012-06-02 21:01:55',3,'71611E34F67558B23007993E5774B22A','50','Vendedor Levante','SALES',NULL,NULL),(21,50,'DEMO',1200,'2012-06-02 21:03:59',3,'71611E34F67558B23007993E5774B22A','50','Vendedor Levante','SALES',NULL,NULL),(22,50,'DEMO',1200,'2012-06-02 21:06:21',3,'736686E2C9263616A1394B0D53202005','50','Vendedor Levante','SALES',NULL,NULL),(23,50,'DEMO',1200,'2012-06-02 21:09:16',3,'3CC3A6568DC03B8F132611B0621FE8E7','50','Vendedor Levante','SALES',NULL,NULL),(24,50,'DEMO',1200,'2012-06-03 11:08:27',3,'06649B1A08CE0E6F1480D541521D486E','50','Vendedor Levante','SALES',NULL,NULL),(25,50,'DEMO',1200,'2012-06-03 11:17:13',3,'88F9FFF7E960BE37A2D69F488353A684','50','Vendedor Levante','SALES',NULL,NULL),(26,50,'DEMO',1200,'2012-06-03 11:23:52',3,'88F9FFF7E960BE37A2D69F488353A684','50','Vendedor Levante','SALES',NULL,NULL),(27,50,'DEMO',1200,'2012-06-03 11:27:15',3,'B294D8408467AB6C5155CB6648B255B7','50','Vendedor Levante','SALES',NULL,NULL),(28,50,'DEMO',1200,'2012-06-03 11:55:16',3,'4E0DA5F2E37E2D6C700321FE8F6B0229','50','Vendedor Levante','SALES',NULL,NULL),(29,50,'DEMO',1200,'2012-06-03 11:59:03',3,'3A2AB48B4F50B72815235F7C13C4A007','50','Vendedor Levante','SALES',NULL,NULL),(30,50,'DEMO',1200,'2012-06-03 12:03:29',3,'65FD9CF20B44DBE0F41B5DC69D095D63','50','Vendedor Levante','SALES',NULL,NULL);
/*!40000 ALTER TABLE `APPBS_USUARIOS_LOG` ENABLE KEYS */;
UNLOCK TABLES;

--
-- Table structure for table `TIPO_PRODUCTO`
--

DROP TABLE IF EXISTS `TIPO_PRODUCTO`;
/*!40101 SET @saved_cs_client     = @@character_set_client */;
/*!40101 SET character_set_client = utf8 */;
CREATE TABLE `TIPO_PRODUCTO` (
  `id_tipo` varchar(30) CHARACTER SET latin1 COLLATE latin1_bin NOT NULL,
  `id_idioma` int(10) unsigned NOT NULL,
  `nombre` varchar(100) CHARACTER SET latin1 COLLATE latin1_bin NOT NULL,
  PRIMARY KEY (`id_tipo`,`id_idioma`),
  KEY `TIPO_PRODUCTO_IDIOMAS_fk1` (`id_idioma`),
  KEY `fk_TIPO_PRODUCTO_1` (`id_idioma`),
  CONSTRAINT `fk_TIPO_PRODUCTO_1` FOREIGN KEY (`id_idioma`) REFERENCES `APPEX_IDIOMAS` (`ID_IDIOMA`) ON DELETE CASCADE ON UPDATE CASCADE
) ENGINE=InnoDB DEFAULT CHARSET=latin1;
/*!40101 SET character_set_client = @saved_cs_client */;

--
-- Dumping data for table `TIPO_PRODUCTO`
--

LOCK TABLES `TIPO_PRODUCTO` WRITE;
/*!40000 ALTER TABLE `TIPO_PRODUCTO` DISABLE KEYS */;
INSERT INTO `TIPO_PRODUCTO` VALUES ('001',2,'Abrecartas'),('001',3,'Antiquités'),('001',4,'Antiques'),('001',5,'Antiques'),('001',6,'Antiguidades'),('002',2,'Abridor'),('002',3,'Ouvreur'),('002',4,'Opener'),('002',5,'Opener'),('002',6,'Abridor'),('003',2,'Albúm fotos'),('003',3,'Album photo'),('003',4,'Photo album'),('003',5,'Photo Album'),('003',6,'Álbum de fotografias'),('004',2,'Aplique'),('004',3,'Appliquer'),('004',4,'Apply'),('004',5,'Applicare'),('004',6,'Aplicar'),('005',2,'Bandeja'),('005',3,'Plateau'),('005',4,'Tray'),('005',5,'Vassoio'),('005',6,'Bandeja'),('006',2,'Bandeja escritorio'),('006',3,'Plateau de bureau'),('006',4,'Desktop tray'),('006',5,'Desktop Tray'),('006',6,'Bandeja de mesa'),('007',2,'Bola'),('007',3,'Balle'),('007',4,'Ball'),('007',5,'Palla'),('007',6,'Bola'),('008',2,'Bowl'),('008',3,'Bol'),('008',4,'Bowl'),('008',5,'Ciotola'),('008',6,'Bacia'),('009',2,'Caja ajedrez'),('009',3,'Chess Box'),('009',4,'Chess box'),('009',5,'Chess Box'),('009',6,'Caixa de xadrez'),('010',2,'Caja estuche'),('010',3,'Case Box'),('010',4,'Box case'),('010',5,'Box Caso'),('010',6,'Caso Box'),('011',2,'Caja flor de lis'),('011',3,'Boîte Lily'),('011',4,'Lily Box'),('011',5,'Lily Box'),('011',6,'Caixa de Lily'),('012',2,'Caja libro'),('012',3,'Livre de caisse'),('012',4,'Cash book'),('012',5,'Libro di cassa'),('012',6,'Livro caixa'),('013',2,'Caja naipes'),('013',3,'Cartes de paiement'),('013',4,'Cash cards'),('013',5,'Cash carte'),('013',6,'Cash cartões'),('014',2,'Catalejo'),('014',3,'Télescope'),('014',4,'Telescope'),('014',5,'Telescopio'),('014',6,'Telescópio'),('015',2,'Cenicero'),('015',3,'Cendrier'),('015',4,'Ashtray'),('015',5,'Posacenere'),('015',6,'Cinzeiro'),('016',2,'Centro'),('016',3,'Centre'),('016',4,'Center'),('016',5,'Centro'),('016',6,'Centro'),('017',2,'Cesto ropa'),('017',3,'Panier à linge'),('017',4,'Clothes basket'),('017',5,'Abbigliamento carrello'),('017',6,'Cesto de roupas'),('018',2,'Chaise longue'),('018',3,'Méridienne'),('018',4,'Chaise longue'),('018',5,'Chaise longue'),('018',6,'Espreguiçadeira'),('019',2,'Consola'),('019',3,'Console'),('019',4,'Console'),('019',5,'Console'),('019',6,'Console'),('020',2,'Consola 2 cajones'),('020',3,'2 Console tiroirs'),('020',4,'2 drawers Console'),('020',5,'2 cassetti Console'),('020',6,'2 Console gavetas'),('021',2,'Cuadro'),('021',3,'Table'),('021',4,'Cuadro'),('021',5,'Tavolo'),('021',6,'Tabela'),('022',2,'Decantador'),('022',3,'Carafe'),('022',4,'Decanter'),('022',5,'Caraffa'),('022',6,'Decanter'),('023',2,'Espejo'),('023',3,'Miroir'),('023',4,'Mirror'),('023',5,'Specchio'),('023',6,'Espelho'),('024',2,'Figura'),('024',3,'Figure'),('024',4,'Figure'),('024',5,'Figura'),('024',6,'Figura'),('025',2,'Florero'),('025',3,'Vase'),('025',4,'Vase'),('025',5,'Vaso'),('025',6,'Vaso'),('026',2,'Galan'),('026',3,'Galan'),('026',4,'Galan'),('026',5,'Galan'),('026',6,'Galan'),('027',2,'Lámpara'),('027',3,'Lampe'),('027',4,'Lamp'),('027',5,'Lampada'),('027',6,'Lâmpada'),('028',2,'Lámpara colgar'),('028',3,'Lampe suspendue'),('028',4,'Hanging lamp'),('028',5,'Lampada a sospensione'),('028',6,'Hanging Lamp'),('029',2,'Lámpara de pie'),('029',3,'Lampadaire'),('029',4,'Floor lamp'),('029',5,'Lampada da terra'),('029',6,'Candeeiro de pé'),('030',2,'Lámpara sobremesa'),('030',3,'Lampe de bureau'),('030',4,'Desktop lamp'),('030',5,'Desktop Lamp'),('030',6,'Lâmpada de mesa'),('031',2,'Lámpara techo'),('031',3,'Plafonnier'),('031',4,'Ceiling lamp'),('031',5,'Soffitto'),('031',6,'Lâmpada de teto'),('032',2,'Lupa'),('032',3,'Loupe'),('032',4,'Magnifying glass'),('032',5,'Lente di ingrandimento'),('032',6,'Lupa'),('033',2,'Mano buda'),('033',3,'Main de Bouddha'),('033',4,'Buddha hand'),('033',5,'Buddha mano'),('033',6,'Mão de Buda'),('034',2,'Mesa auxiliar'),('034',3,'Table d\'appoint'),('034',4,'Side table'),('034',5,'Tavolino'),('034',6,'Mesa lateral'),('035',2,'Mesa redonda'),('035',3,'Table ronde'),('035',4,'Roundtable'),('035',5,'Tavola rotonda'),('035',6,'Mesa Redonda'),('036',2,'Mesita de noche'),('036',3,'Table de chevet'),('036',4,'Nightstand'),('036',5,'Comodino'),('036',6,'Nightstand'),('037',2,'Pantalla conica'),('037',3,'Écran conique'),('037',4,'Conical screen'),('037',5,'Schermo conico'),('037',6,'Tela cônica'),('038',2,'Pantalla piramidal'),('038',3,'Écran pyramidale'),('038',4,'Screen pyramidal'),('038',5,'Schermo piramidale'),('038',6,'Tela piramidal'),('039',2,'Pantalla rectangular'),('039',3,'Écran rectangulaire'),('039',4,'Rectangular screen'),('039',5,'Schermo rettangolare'),('039',6,'Tela retangular'),('040',2,'Papelera cuadrado'),('040',3,'Trash place'),('040',4,'Square Trash'),('040',5,'Trash Piazza'),('040',6,'Trash Praça'),('041',2,'Percha'),('041',3,'Percher'),('041',4,'Perch'),('041',5,'Pesce persico'),('041',6,'Poleiro'),('042',2,'Portafotos'),('042',3,'Portafotos'),('042',4,'Portafotos'),('042',5,'Portafotos'),('042',6,'Portafotos'),('043',2,'Posacafetera'),('043',3,'Posacafetera'),('043',4,'Posacafetera'),('043',5,'Posacafetera'),('043',6,'Posacafetera'),('044',2,'Reposapiés'),('044',3,'Repose-pied'),('044',4,'Footrest'),('044',5,'Poggiapiedi'),('044',6,'Apoio para os pés'),('045',2,'Revistero'),('045',3,'Magazine'),('045',4,'Magazine'),('045',5,'Rivista'),('045',6,'Revista'),('046',2,'Servilletero'),('046',3,'Rond de serviette'),('046',4,'Napkin ring'),('046',5,'Anello per tovagliolo'),('046',6,'Anel de guardanapo'),('047',2,'Set/2 bandejas'),('047',3,'Set/2 plateaux'),('047',4,'Set/2 trays'),('047',5,'Set/2 vassoi'),('047',6,'Set/2 bandejas'),('048',2,'Set/2 bowls'),('048',3,'Set/2 bols'),('048',4,'Set/2 bowls'),('048',5,'Set/2 ciotole'),('048',6,'Set/2 tigelas'),('049',2,'Set/2 figuras'),('049',3,'Set/2 chiffres'),('049',4,'Set/2 figures'),('049',5,'Set/2 cifre'),('049',6,'Set/2 figuras'),('050',2,'Set/2 mesas'),('050',3,'Set/2 tables'),('050',4,'Set/2 tables'),('050',5,'Set/2 tavoli'),('050',6,'Set/2 tabelas'),('051',2,'Silla'),('051',3,'Chaise'),('051',4,'Chair'),('051',5,'Sedia'),('051',6,'Cadeira'),('052',2,'Silla comedor'),('052',3,'Chaise'),('052',4,'Dining chair'),('052',5,'Sedia da pranzo'),('052',6,'Cadeira de jantar'),('053',2,'Silla con brazos'),('053',3,'Fauteuil'),('053',4,'Armchair'),('053',5,'Poltrona'),('053',6,'Poltrona'),('054',2,'Silla cuadros'),('054',3,'Cadres Chaire'),('054',4,'Chair frames'),('054',5,'Sedia frames'),('054',6,'Quadros da cadeira'),('055',2,'Sillón'),('055',3,'Chaise'),('055',4,'Chair'),('055',5,'Sedia'),('055',6,'Cadeira'),('056',2,'Sujetabolas'),('056',3,'Sujetabolas'),('056',4,'Sujetabolas'),('056',5,'Sujetabolas'),('056',6,'Sujetabolas'),('057',2,'Toallero'),('057',3,'Serviette'),('057',4,'Towel'),('057',5,'Asciugamano'),('057',6,'Toalha'),('058',2,'Vaso'),('058',3,'Verre'),('058',4,'Glass'),('058',5,'Vetro'),('058',6,'Vidro');
/*!40000 ALTER TABLE `TIPO_PRODUCTO` ENABLE KEYS */;
UNLOCK TABLES;

--
-- Table structure for table `FAMILIAS`
--

DROP TABLE IF EXISTS `FAMILIAS`;
/*!40101 SET @saved_cs_client     = @@character_set_client */;
/*!40101 SET character_set_client = utf8 */;
CREATE TABLE `FAMILIAS` (
  `id_familia` varchar(30) CHARACTER SET latin1 COLLATE latin1_bin NOT NULL,
  `id_idioma` int(10) unsigned NOT NULL,
  `nombre` varchar(50) CHARACTER SET latin1 COLLATE latin1_bin NOT NULL,
  PRIMARY KEY (`id_familia`,`id_idioma`),
  KEY `FAMILIAS_IDIOMAS_fk1` (`id_idioma`),
  KEY `fk_FAMILIAS_1` (`id_idioma`),
  CONSTRAINT `fk_FAMILIAS_1` FOREIGN KEY (`id_idioma`) REFERENCES `APPEX_IDIOMAS` (`ID_IDIOMA`) ON DELETE CASCADE ON UPDATE CASCADE
) ENGINE=InnoDB DEFAULT CHARSET=latin1;
/*!40101 SET character_set_client = @saved_cs_client */;

--
-- Dumping data for table `FAMILIAS`
--

LOCK TABLES `FAMILIAS` WRITE;
/*!40000 ALTER TABLE `FAMILIAS` DISABLE KEYS */;
INSERT INTO `FAMILIAS` VALUES ('001',2,'Accesorios y Regalo'),('001',3,'Accessoires et Cadeaux'),('001',4,'Accessories and Gifts'),('001',5,'Accessori e regali'),('001',6,'Acessórios e presentes'),('002',2,'Decoracion Vertical'),('002',3,'Décor vertical'),('002',4,'Vertical Decoration'),('002',5,'Decor verticale'),('002',6,'Decoração vertical'),('003',2,'Iluminacion'),('003',3,'Éclairage'),('003',4,'Lighting'),('003',5,'Illuminazione'),('003',6,'Iluminação'),('004',2,'Mueble'),('004',3,'Meuble'),('004',4,'Furniture'),('004',5,'Mobile'),('004',6,'Mobiliário');
/*!40000 ALTER TABLE `FAMILIAS` ENABLE KEYS */;
UNLOCK TABLES;

--
-- Table structure for table `APPBS_USUARIOS`
--

DROP TABLE IF EXISTS `APPBS_USUARIOS`;
/*!40101 SET @saved_cs_client     = @@character_set_client */;
/*!40101 SET character_set_client = utf8 */;
CREATE TABLE `APPBS_USUARIOS` (
  `ID_USUARIO` int(10) unsigned NOT NULL AUTO_INCREMENT COMMENT 'Id. del usuario',
  `NOMBRE` varchar(45) NOT NULL COMMENT 'Nombre',
  `LOGIN` varchar(20) NOT NULL DEFAULT ' ' COMMENT 'Login',
  `CLAVE` varchar(45) NOT NULL DEFAULT ' ' COMMENT 'Clave',
  `FAX` varchar(45) DEFAULT NULL COMMENT 'Numero de FAX',
  `TELEFONO` varchar(45) DEFAULT NULL COMMENT 'Telefono',
  `MOVIL` varchar(45) DEFAULT NULL COMMENT 'Movil',
  `EMAIL` varchar(100) DEFAULT NULL COMMENT 'Email',
  `TIPO` int(11) unsigned DEFAULT NULL COMMENT 'Tipo de usuario',
  `FECHA_CREACION` datetime DEFAULT NULL COMMENT 'Fecha de creacion',
  `FECHA_CONEXION` datetime DEFAULT NULL COMMENT 'Fecha de la ultima conexion',
  `ACTIVO` char(1) DEFAULT NULL COMMENT 'Indica si el usario esta activo',
  `LOG_LEVEL` int(10) unsigned DEFAULT NULL COMMENT 'Nivel de log',
  `COOKIE` varchar(45) DEFAULT NULL COMMENT 'Cookie del usuario',
  `ID_IDIOMA` int(11) unsigned DEFAULT NULL COMMENT 'Id. del ultimo idioma utilizado',
  `PARAM_1` varchar(45) DEFAULT NULL COMMENT 'Parametros adicionales 1',
  `PARAM_2` varchar(45) DEFAULT NULL COMMENT 'Parametros adicionales 2',
  `PARAM_3` varchar(45) DEFAULT NULL COMMENT 'Parametros adicionales 3',
  `PARAM_4` varchar(45) DEFAULT NULL COMMENT 'Parametros adicionales 4',
  `INT_PARAM_1` int(10) unsigned DEFAULT NULL COMMENT 'Parametros adicionales enteros 1',
  `INT_PARAM_2` int(10) unsigned DEFAULT NULL COMMENT 'Parametros adicionales enteros 2',
  `INT_PARAM_3` int(10) unsigned DEFAULT NULL COMMENT 'Parametros adicionales enteros 3',
  `INT_PARAM_4` int(10) unsigned DEFAULT NULL COMMENT 'Parametros adicionales enteros 4',
  PRIMARY KEY (`ID_USUARIO`),
  KEY `fk_APPBS_USUARIOS_1` (`TIPO`),
  CONSTRAINT `fk_APPBS_USUARIOS_1` FOREIGN KEY (`TIPO`) REFERENCES `APPBS_USUARIOS_TIPOS` (`ID_TIPO`)
) ENGINE=InnoDB AUTO_INCREMENT=52 DEFAULT CHARSET=utf8 COMMENT='Usuarios';
/*!40101 SET character_set_client = @saved_cs_client */;

--
-- Dumping data for table `APPBS_USUARIOS`
--

LOCK TABLES `APPBS_USUARIOS` WRITE;
/*!40000 ALTER TABLE `APPBS_USUARIOS` DISABLE KEYS */;
INSERT INTO `APPBS_USUARIOS` VALUES (49,'Administrador','admin','7110eda4d09e062aa5e4a390b0a572ac0d2c0220',NULL,NULL,NULL,NULL,1,'2012-05-25 00:00:00','2012-05-25 08:55:48','S',NULL,NULL,NULL,NULL,NULL,NULL,NULL,NULL,NULL,NULL,NULL),(50,'Vendedor Levante','A123456','7110eda4d09e062aa5e4a390b0a572ac0d2c0220',NULL,NULL,NULL,NULL,1,'2012-05-25 00:00:00','2012-06-03 12:03:29','S',NULL,NULL,NULL,'03/06/2012 11:23:52',NULL,NULL,NULL,1000,NULL,NULL,NULL),(51,'Vendedor Cataluña','B123456','7110eda4d09e062aa5e4a390b0a572ac0d2c0220',NULL,NULL,NULL,NULL,1,'2012-05-25 00:00:00',NULL,'S',NULL,NULL,NULL,NULL,NULL,NULL,NULL,1001,NULL,NULL,NULL);
/*!40000 ALTER TABLE `APPBS_USUARIOS` ENABLE KEYS */;
UNLOCK TABLES;

--
-- Table structure for table `TARIFAS_VENDEDORES`
--

DROP TABLE IF EXISTS `TARIFAS_VENDEDORES`;
/*!40101 SET @saved_cs_client     = @@character_set_client */;
/*!40101 SET character_set_client = utf8 */;
CREATE TABLE `TARIFAS_VENDEDORES` (
  `ID_TARIFA` bigint(15) NOT NULL,
  `ID_VENDEDOR` bigint(15) NOT NULL,
  PRIMARY KEY (`ID_TARIFA`,`ID_VENDEDOR`)
) ENGINE=InnoDB DEFAULT CHARSET=utf8;
/*!40101 SET character_set_client = @saved_cs_client */;

--
-- Dumping data for table `TARIFAS_VENDEDORES`
--

LOCK TABLES `TARIFAS_VENDEDORES` WRITE;
/*!40000 ALTER TABLE `TARIFAS_VENDEDORES` DISABLE KEYS */;
INSERT INTO `TARIFAS_VENDEDORES` VALUES (1,1000),(1,1001),(2,1001);
/*!40000 ALTER TABLE `TARIFAS_VENDEDORES` ENABLE KEYS */;
UNLOCK TABLES;

--
-- Table structure for table `MULTIPLICADORES`
--

DROP TABLE IF EXISTS `MULTIPLICADORES`;
/*!40101 SET @saved_cs_client     = @@character_set_client */;
/*!40101 SET character_set_client = utf8 */;
CREATE TABLE `MULTIPLICADORES` (
  `id_cliente` bigint(15) NOT NULL,
  `id_familia` varchar(30) CHARACTER SET latin1 COLLATE latin1_bin NOT NULL,
  `multiplicador` decimal(15,2) NOT NULL,
  PRIMARY KEY (`id_cliente`,`id_familia`),
  CONSTRAINT `MULTIPLICADORES_CLIENTES_fk1` FOREIGN KEY (`id_cliente`) REFERENCES `CLIENTES` (`id_cliente`) ON DELETE NO ACTION ON UPDATE NO ACTION
) ENGINE=InnoDB DEFAULT CHARSET=latin1;
/*!40101 SET character_set_client = @saved_cs_client */;

--
-- Dumping data for table `MULTIPLICADORES`
--

LOCK TABLES `MULTIPLICADORES` WRITE;
/*!40000 ALTER TABLE `MULTIPLICADORES` DISABLE KEYS */;
/*!40000 ALTER TABLE `MULTIPLICADORES` ENABLE KEYS */;
UNLOCK TABLES;

--
-- Table structure for table `ZONAS_VENTAS`
--

DROP TABLE IF EXISTS `ZONAS_VENTAS`;
/*!40101 SET @saved_cs_client     = @@character_set_client */;
/*!40101 SET character_set_client = utf8 */;
CREATE TABLE `ZONAS_VENTAS` (
  `id_zona` varchar(30) CHARACTER SET latin1 COLLATE latin1_bin NOT NULL,
  `nombre` varchar(80) CHARACTER SET latin1 COLLATE latin1_bin NOT NULL,
  PRIMARY KEY (`id_zona`)
) ENGINE=InnoDB DEFAULT CHARSET=latin1;
/*!40101 SET character_set_client = @saved_cs_client */;

--
-- Dumping data for table `ZONAS_VENTAS`
--

LOCK TABLES `ZONAS_VENTAS` WRITE;
/*!40000 ALTER TABLE `ZONAS_VENTAS` DISABLE KEYS */;
/*!40000 ALTER TABLE `ZONAS_VENTAS` ENABLE KEYS */;
UNLOCK TABLES;

--
-- Table structure for table `ARTICULOS_FOTOS`
--

DROP TABLE IF EXISTS `ARTICULOS_FOTOS`;
/*!40101 SET @saved_cs_client     = @@character_set_client */;
/*!40101 SET character_set_client = utf8 */;
CREATE TABLE `ARTICULOS_FOTOS` (
  `item_id` bigint(15) NOT NULL,
  `nombre` varchar(40) CHARACTER SET latin1 COLLATE latin1_bin NOT NULL,
  `ancho` decimal(22,0) DEFAULT NULL,
  `alto` decimal(22,0) DEFAULT NULL,
  `orden` decimal(22,0) DEFAULT NULL,
  `borrado` varchar(1) CHARACTER SET latin1 COLLATE latin1_bin NOT NULL,
  `formato` varchar(20) CHARACTER SET latin1 COLLATE latin1_bin NOT NULL,
  `ult_actualizacion` datetime DEFAULT NULL,
  PRIMARY KEY (`item_id`,`nombre`),
  CONSTRAINT `ARTICULOS_FOTOS_ARTICULOS_fk1` FOREIGN KEY (`item_id`) REFERENCES `ARTICULOS` (`item_id`) ON DELETE NO ACTION ON UPDATE NO ACTION
) ENGINE=InnoDB DEFAULT CHARSET=latin1;
/*!40101 SET character_set_client = @saved_cs_client */;

--
-- Dumping data for table `ARTICULOS_FOTOS`
--

LOCK TABLES `ARTICULOS_FOTOS` WRITE;
/*!40000 ALTER TABLE `ARTICULOS_FOTOS` DISABLE KEYS */;
INSERT INTO `ARTICULOS_FOTOS` VALUES (100,'R004402100.jpg','700','700','1','N','700x700','2012-05-31 21:53:52'),(101,'R004402101.jpg','700','700','1','N','700x700','2012-05-23 21:53:52'),(102,'R004402102.jpg','700','700','1','N','700x700','2012-05-23 21:53:52'),(103,'R004402103.jpg','700','700','1','N','700x700','2012-05-23 21:53:52'),(104,'R004402104.jpg','700','700','1','N','700x700','2012-05-31 21:53:52'),(105,'R004401105.jpg','700','700','1','N','700x700','2012-05-23 21:53:52'),(106,'R004401106.jpg','700','700','1','N','700x700','2012-05-23 21:53:52'),(107,'R004401107.jpg','700','700','1','N','700x700','2012-05-23 21:53:52'),(108,'R004401108.jpg','700','700','1','N','700x700','2012-05-23 21:53:52'),(109,'R004401109.jpg','700','700','1','N','700x700','2012-05-23 21:53:52'),(110,'R004401110.jpg','700','700','1','N','700x700','2012-05-23 21:53:52'),(111,'R004401111.jpg','700','700','1','N','700x700','2012-05-23 21:53:52'),(112,'R004405112.jpg','700','700','1','N','700x700','2012-05-31 21:53:52'),(113,'R004405113.jpg','700','700','1','N','700x700','2012-05-23 21:53:52'),(114,'R004405114.jpg','700','700','1','N','700x700','2012-05-23 21:53:52'),(115,'R004405115.jpg','700','700','1','N','700x700','2012-05-23 21:53:52'),(116,'R004405116.jpg','700','700','1','N','700x700','2012-05-23 21:53:52'),(117,'R004405117.jpg','700','700','1','N','700x700','2012-05-23 21:53:52'),(118,'R004406118.jpg','700','700','1','N','700x700','2012-05-23 21:53:52'),(119,'R004406119.jpg','700','700','1','N','700x700','2012-05-23 21:53:52'),(120,'R004406120.jpg','700','700','1','N','700x700','2012-05-23 21:53:52'),(121,'R004406121.jpg','700','700','1','N','700x700','2012-05-23 21:53:52'),(122,'R004406122.jpg','700','700','1','N','700x700','2012-05-23 21:53:52'),(123,'R004406123.jpg','700','700','1','N','700x700','2012-05-23 21:53:52'),(124,'R004406124.jpg','700','700','1','N','700x700','2012-05-23 21:53:52'),(125,'R004403125.jpg','700','700','1','N','700x700','2012-05-23 21:53:52'),(126,'R004403126.jpg','700','700','1','N','700x700','2012-05-23 21:53:52'),(127,'R004403127.jpg','700','700','1','N','700x700','2012-05-23 21:53:52'),(128,'R004403128.jpg','700','700','1','N','700x700','2012-05-23 21:53:52'),(129,'R004403129.jpg','700','700','1','N','700x700','2012-05-23 21:53:52'),(130,'R004403130.jpg','700','700','1','N','700x700','2012-05-23 21:53:52'),(131,'R004404131.jpg','700','700','1','N','700x700','2012-05-23 21:53:52'),(132,'R004404132.jpg','700','700','1','N','700x700','2012-05-23 21:53:52'),(133,'R004404133.jpg','700','700','1','N','700x700','2012-05-23 21:53:52'),(134,'R004404134.jpg','700','700','1','N','700x700','2012-05-23 21:53:52'),(135,'R004404135.jpg','700','700','1','N','700x700','2012-05-23 21:53:52'),(136,'R003301136.jpg','700','700','1','N','700x700','2012-05-23 21:53:52'),(137,'R003301137.jpg','700','700','1','N','700x700','2012-05-23 21:53:52'),(138,'R003301138.jpg','700','700','1','N','700x700','2012-05-23 21:53:52'),(139,'R003301139.jpg','700','700','1','N','700x700','2012-05-23 21:53:52'),(140,'R003301140.jpg','700','700','1','N','700x700','2012-05-23 21:53:52'),(141,'R003301141.jpg','700','700','1','N','700x700','2012-05-23 21:53:52'),(142,'R003302142.jpg','700','700','1','N','700x700','2012-05-23 21:53:52'),(143,'R003302143.jpg','700','700','1','N','700x700','2012-05-23 21:53:52'),(144,'R003302144.jpg','700','700','1','N','700x700','2012-05-23 21:53:52'),(145,'R003302145.jpg','700','700','1','N','700x700','2012-05-31 21:53:52'),(146,'R003303146.jpg','700','700','1','N','700x700','2012-05-23 21:53:52'),(147,'R003303147.jpg','700','700','1','N','700x700','2012-05-23 21:53:52'),(148,'R003303148.jpg','700','700','1','N','700x700','2012-05-23 21:53:52'),(149,'R003303149.jpg','700','700','1','N','700x700','2012-05-23 21:53:52'),(150,'R003303150.jpg','700','700','1','N','700x700','2012-05-23 21:53:52'),(151,'R003303151.jpg','700','700','1','N','700x700','2012-05-23 21:53:52'),(152,'R003303152.jpg','700','700','1','N','700x700','2012-05-23 21:53:52'),(153,'R003304153.jpg','700','700','1','N','700x700','2012-05-23 21:53:52'),(154,'R003304154.jpg','700','700','1','N','700x700','2012-05-23 21:53:52'),(155,'R003304155.jpg','700','700','1','N','700x700','2012-05-23 21:53:52'),(156,'R003304156.jpg','700','700','1','N','700x700','2012-05-23 21:53:52'),(157,'R003304157.jpg','700','700','1','N','700x700','2012-05-23 21:53:52'),(158,'R003304158.jpg','700','700','1','N','700x700','2012-05-23 21:53:52'),(159,'R003304159.jpg','700','700','1','N','700x700','2012-05-23 21:53:52'),(160,'R003304160.jpg','700','700','1','N','700x700','2012-05-23 21:53:52'),(161,'R002202161.jpg','700','700','1','N','700x700','2012-05-23 21:53:52'),(162,'R002202162.jpg','700','700','1','N','700x700','2012-05-23 21:53:52'),(163,'R002202163.jpg','700','700','1','N','700x700','2012-05-23 21:53:52'),(164,'R002202164.jpg','700','700','1','N','700x700','2012-05-23 21:53:52'),(165,'R002202165.jpg','700','700','1','N','700x700','2012-05-23 21:53:52'),(166,'R002202166.jpg','700','700','1','N','700x700','2012-05-23 21:53:52'),(167,'R002201167.jpg','700','700','1','N','700x700','2012-05-23 21:53:52'),(168,'R002201168.jpg','700','700','1','N','700x700','2012-05-23 21:53:52'),(169,'R002201169.jpg','700','700','1','N','700x700','2012-05-23 21:53:52'),(170,'R001102170.jpg','700','700','1','N','700x700','2012-05-23 21:53:52'),(171,'R001102171.jpg','700','700','1','N','700x700','2012-05-23 21:53:52'),(172,'R001102172.jpg','700','700','1','N','700x700','2012-05-23 21:53:52'),(173,'R001102173.jpg','700','700','1','N','700x700','2012-05-23 21:53:52'),(174,'R001102174.jpg','700','700','1','N','700x700','2012-05-23 21:53:52'),(175,'R001102175.jpg','700','700','1','N','700x700','2012-05-23 21:53:52'),(176,'R001102176.jpg','700','700','1','N','700x700','2012-05-23 21:53:52'),(177,'R001102177.jpg','700','700','1','N','700x700','2012-05-23 21:53:52'),(178,'R001102178.jpg','700','700','1','N','700x700','2012-05-23 21:53:52'),(179,'R001102179.jpg','700','700','1','N','700x700','2012-05-23 21:53:52'),(180,'R001102180.jpg','700','700','1','N','700x700','2012-05-23 21:53:52'),(181,'R001102181.jpg','700','700','1','N','700x700','2012-05-23 21:53:52'),(182,'R001108182.jpg','700','700','1','N','700x700','2012-05-23 21:53:52'),(183,'R001108183.jpg','700','700','1','N','700x700','2012-05-23 21:53:52'),(184,'R001108184.jpg','700','700','1','N','700x700','2012-05-23 21:53:52'),(185,'R001108185.jpg','700','700','1','N','700x700','2012-05-23 21:53:52'),(186,'R001108186.jpg','700','700','1','N','700x700','2012-05-23 21:53:52'),(187,'R001108187.jpg','700','700','1','N','700x700','2012-05-23 21:53:52'),(188,'R001108188.jpg','700','700','1','N','700x700','2012-05-23 21:53:52'),(189,'R001107189.jpg','700','700','1','N','700x700','2012-05-23 21:53:52'),(190,'R001107190.jpg','700','700','1','N','700x700','2012-05-23 21:53:52'),(191,'R001107191.jpg','700','700','1','N','700x700','2012-05-23 21:53:52'),(192,'R001107192.jpg','700','700','1','N','700x700','2012-05-23 21:53:52'),(193,'R001107193.jpg','700','700','1','N','700x700','2012-05-23 21:53:52'),(194,'R001107194.jpg','700','700','1','N','700x700','2012-05-23 21:53:52'),(195,'R001107195.jpg','700','700','1','N','700x700','2012-05-23 21:53:52'),(196,'R001107196.jpg','700','700','1','N','700x700','2012-05-23 21:53:52'),(197,'R001107197.jpg','700','700','1','N','700x700','2012-05-23 21:53:52'),(198,'R001107198.jpg','700','700','1','N','700x700','2012-05-23 21:53:52'),(199,'R001105199.jpg','700','700','1','N','700x700','2012-05-23 21:53:52'),(200,'R001105200.jpg','700','700','1','N','700x700','2012-05-23 21:53:52'),(201,'R001105201.jpg','700','700','1','N','700x700','2012-05-23 21:53:52'),(202,'R001105202.jpg','700','700','1','N','700x700','2012-05-23 21:53:52'),(203,'R001105203.jpg','700','700','1','N','700x700','2012-05-23 21:53:52'),(204,'R001105204.jpg','700','700','1','N','700x700','2012-05-23 21:53:52'),(205,'R001105205.jpg','700','700','1','N','700x700','2012-05-23 21:53:52'),(206,'R001105206.jpg','700','700','1','N','700x700','2012-05-23 21:53:52'),(207,'R001105207.jpg','700','700','1','N','700x700','2012-05-23 21:53:52'),(208,'R001104208.jpg','700','700','1','N','700x700','2012-05-23 21:53:52'),(209,'R001104209.jpg','700','700','1','N','700x700','2012-05-23 21:53:52'),(210,'R001104210.jpg','700','700','1','N','700x700','2012-05-23 21:53:52'),(211,'R001104211.jpg','700','700','1','N','700x700','2012-05-23 21:53:52'),(212,'R001104212.jpg','700','700','1','N','700x700','2012-05-23 21:53:52'),(213,'R001104213.jpg','700','700','1','N','700x700','2012-05-23 21:53:52'),(214,'R001103214.jpg','700','700','1','N','700x700','2012-05-23 21:53:52'),(215,'R001103215.jpg','700','700','1','N','700x700','2012-05-23 21:53:52'),(216,'R001103216.jpg','700','700','1','N','700x700','2012-05-23 21:53:52'),(217,'R001103217.jpg','700','700','1','N','700x700','2012-05-23 21:53:52'),(218,'R001103218.jpg','700','700','1','N','700x700','2012-05-23 21:53:52'),(219,'R001103219.jpg','700','700','1','N','700x700','2012-05-23 21:53:52'),(220,'R001106220.jpg','700','700','1','N','700x700','2012-05-23 21:53:52'),(221,'R001106221.jpg','700','700','1','N','700x700','2012-05-23 21:53:52'),(222,'R001106222.jpg','700','700','1','N','700x700','2012-05-23 21:53:52'),(223,'R001106223.jpg','700','700','1','N','700x700','2012-05-23 21:53:52'),(224,'R001109224.jpg','700','700','1','N','700x700','2012-05-23 21:53:52'),(225,'R001109225.jpg','700','700','1','N','700x700','2012-05-23 21:53:52'),(226,'R001109226.jpg','700','700','1','N','700x700','2012-05-23 21:53:52'),(227,'R001109227.jpg','700','700','1','N','700x700','2012-05-23 21:53:52'),(228,'R001109228.jpg','700','700','1','N','700x700','2012-05-23 21:53:52'),(229,'R001109229.jpg','700','700','1','N','700x700','2012-05-23 21:53:52');
/*!40000 ALTER TABLE `ARTICULOS_FOTOS` ENABLE KEYS */;
UNLOCK TABLES;

--
-- Table structure for table `APPEX_IDIOMAS`
--

DROP TABLE IF EXISTS `APPEX_IDIOMAS`;
/*!40101 SET @saved_cs_client     = @@character_set_client */;
/*!40101 SET character_set_client = utf8 */;
CREATE TABLE `APPEX_IDIOMAS` (
  `ID_IDIOMA` int(11) unsigned NOT NULL AUTO_INCREMENT COMMENT 'Codigo del idioma',
  `NOMBRE` varchar(30) NOT NULL DEFAULT '' COMMENT 'Nombre',
  `ABREVIATURA` varchar(3) NOT NULL DEFAULT '' COMMENT 'Abreviatura',
  `ISO_2` varchar(2) NOT NULL DEFAULT '' COMMENT 'Codigo ISO 2',
  `ISO_3` varchar(3) NOT NULL DEFAULT '' COMMENT 'Codigo ISO 3',
  `ACTIVO` bit(1) DEFAULT NULL COMMENT 'Indica si esta activo',
  `LOGO` varchar(45) DEFAULT NULL COMMENT 'Logo de idioma',
  PRIMARY KEY (`ID_IDIOMA`)
) ENGINE=InnoDB AUTO_INCREMENT=7 DEFAULT CHARSET=utf8 COMMENT='Idiomas';
/*!40101 SET character_set_client = @saved_cs_client */;

--
-- Dumping data for table `APPEX_IDIOMAS`
--

LOCK TABLES `APPEX_IDIOMAS` WRITE;
/*!40000 ALTER TABLE `APPEX_IDIOMAS` DISABLE KEYS */;
INSERT INTO `APPEX_IDIOMAS` VALUES (2,'ESPAÑOL','','ES','','',NULL),(3,'FRANCES','','FR','','',NULL),(4,'INGLES','','EN','','',NULL),(5,'ITALIANO','','IT','','',NULL),(6,'PORTUGUES','','PT','','',NULL);
/*!40000 ALTER TABLE `APPEX_IDIOMAS` ENABLE KEYS */;
UNLOCK TABLES;

--
-- Table structure for table `TARIFAS`
--

DROP TABLE IF EXISTS `TARIFAS`;
/*!40101 SET @saved_cs_client     = @@character_set_client */;
/*!40101 SET character_set_client = utf8 */;
CREATE TABLE `TARIFAS` (
  `id_tarifa` bigint(15) NOT NULL,
  `nombre` varchar(50) CHARACTER SET latin1 COLLATE latin1_bin NOT NULL,
  `valor` decimal(15,2) NOT NULL,
  PRIMARY KEY (`id_tarifa`)
) ENGINE=InnoDB DEFAULT CHARSET=latin1;
/*!40101 SET character_set_client = @saved_cs_client */;

--
-- Dumping data for table `TARIFAS`
--

LOCK TABLES `TARIFAS` WRITE;
/*!40000 ALTER TABLE `TARIFAS` DISABLE KEYS */;
INSERT INTO `TARIFAS` VALUES (1,'Tarifa España','1.00'),(2,'Tarifa Francia-Italia','1.20'),(3,'Tarifa Particulares','2.00'),(4,'Tarifa Portugal','1.10');
/*!40000 ALTER TABLE `TARIFAS` ENABLE KEYS */;
UNLOCK TABLES;

--
-- Table structure for table `APPBS_PARAMETROS`
--

DROP TABLE IF EXISTS `APPBS_PARAMETROS`;
/*!40101 SET @saved_cs_client     = @@character_set_client */;
/*!40101 SET character_set_client = utf8 */;
CREATE TABLE `APPBS_PARAMETROS` (
  `ID_APLICACION` varchar(10) NOT NULL COMMENT 'Codigo de la aplicacion',
  `ID_PARAMETRO` varchar(40) NOT NULL COMMENT 'Codigo',
  `NOMBRE` varchar(100) NOT NULL COMMENT 'Nombre',
  `VALOR` varchar(2000) NOT NULL COMMENT 'Valor',
  `TIPO` char(1) DEFAULT 'S' COMMENT 'Tipo (E - Enumerativo, I - Entero, F - Real, S - Cadena, M - Mail, D - Fecha)',
  `MIN_INT` int(11) DEFAULT NULL COMMENT 'Minimo entro',
  `MAX_INT` int(11) DEFAULT NULL COMMENT 'Maximo entero',
  `MIN_FLOAT` float DEFAULT NULL COMMENT 'Minimo real',
  `MAX_FLOAT` float DEFAULT NULL COMMENT 'Maximo real',
  `MIN_DATE` datetime DEFAULT NULL COMMENT 'Minimo fecha',
  `MAX_DATE` datetime DEFAULT NULL COMMENT 'Maximo fecha',
  `CHECKRANGE` char(1) DEFAULT NULL COMMENT 'Indice si se chequean los rangos (S/N)',
  `EDIT` char(1) DEFAULT 'S' COMMENT 'Indica si es editable',
  `VISIBLE` char(1) DEFAULT 'S' COMMENT 'Indica si es visible',
  PRIMARY KEY (`ID_APLICACION`,`ID_PARAMETRO`),
  KEY `FK_PARAMETROS_1` (`ID_APLICACION`),
  CONSTRAINT `fk_PARAMETROS_1` FOREIGN KEY (`ID_APLICACION`) REFERENCES `APPBS_APLICACIONES` (`ID_APLICACION`)
) ENGINE=InnoDB DEFAULT CHARSET=utf8 COMMENT='Parametros generales';
/*!40101 SET character_set_client = @saved_cs_client */;

--
-- Dumping data for table `APPBS_PARAMETROS`
--

LOCK TABLES `APPBS_PARAMETROS` WRITE;
/*!40000 ALTER TABLE `APPBS_PARAMETROS` DISABLE KEYS */;
INSERT INTO `APPBS_PARAMETROS` VALUES ('DEMO','DBLOG_LEVEL','Nivel de Log en la DB','44','I',1,5,0,0,NULL,NULL,'S','N','N'),('DEMO','PASSWORD_CHECK','Nivel de verificación de las claves','4','E',0,0,0,0,NULL,NULL,'N','S','S'),('DEMO','PASSWORD_MAX','Longitud máxima','20','I',10,45,0,0,NULL,NULL,'S','S','S'),('DEMO','PASSWORD_MIN','Longitud minima','6','I',4,10,0,0,NULL,NULL,'S','S','S'),('DEMO','PASSWORD_STORE','Cantidad de claves diferentes a recordar','3','I',0,0,0,0,NULL,NULL,'N','S','S'),('DEMO','PASSWORD_USER','Indica si el usuario puede cambiar el Login','1','E',0,0,0,0,NULL,NULL,'N','S','S'),('DEMO','PASSWORD_VALID','Cantidad de días que la clave es valida','0','I',10,0,0,0,NULL,NULL,'N','S','S'),('DEMO','SMTP_FROM','SMTP: Direccion desde la que se envia los mail','cuenta@server.com','S',0,0,0,0,NULL,NULL,'N','N','S'),('DEMO','SMTP_PASSWD','SMTP: Clave del servidor','password','P',0,0,0,0,NULL,NULL,'N','N','N'),('DEMO','SMTP_PORT','SMTP: Puerto del servidor','25','S',0,0,0,0,NULL,NULL,'N','N','S'),('DEMO','SMTP_SERVER','SMTP: Servidor de correo','mail.server.com','S',0,0,0,0,NULL,NULL,'N','N','S'),('DEMO','SMTP_USER','SMTP: Usuario del servidor','mail_user','S',0,0,0,0,NULL,NULL,'N','N','S');
/*!40000 ALTER TABLE `APPBS_PARAMETROS` ENABLE KEYS */;
UNLOCK TABLES;

--
-- Table structure for table `APPBS_USUARIOS_TIPOS`
--

DROP TABLE IF EXISTS `APPBS_USUARIOS_TIPOS`;
/*!40101 SET @saved_cs_client     = @@character_set_client */;
/*!40101 SET character_set_client = utf8 */;
CREATE TABLE `APPBS_USUARIOS_TIPOS` (
  `ID_TIPO` int(11) unsigned NOT NULL COMMENT 'Id. del tipo de usuario',
  `NOMBRE` varchar(45) NOT NULL COMMENT 'Nombre del tipo',
  `DESCRIPCION` varchar(150) DEFAULT NULL COMMENT 'Descripcion',
  PRIMARY KEY (`ID_TIPO`)
) ENGINE=InnoDB DEFAULT CHARSET=utf8 COMMENT='Tipos de usuarios';
/*!40101 SET character_set_client = @saved_cs_client */;

--
-- Dumping data for table `APPBS_USUARIOS_TIPOS`
--

LOCK TABLES `APPBS_USUARIOS_TIPOS` WRITE;
/*!40000 ALTER TABLE `APPBS_USUARIOS_TIPOS` DISABLE KEYS */;
INSERT INTO `APPBS_USUARIOS_TIPOS` VALUES (1,'Normal','Usuario estandar');
/*!40000 ALTER TABLE `APPBS_USUARIOS_TIPOS` ENABLE KEYS */;
UNLOCK TABLES;

--
-- Table structure for table `ARTICULOS`
--

DROP TABLE IF EXISTS `ARTICULOS`;
/*!40101 SET @saved_cs_client     = @@character_set_client */;
/*!40101 SET character_set_client = utf8 */;
CREATE TABLE `ARTICULOS` (
  `item_id` bigint(15) NOT NULL,
  `referencia` varchar(30) CHARACTER SET latin1 COLLATE latin1_bin NOT NULL,
  `id_familia` varchar(30) CHARACTER SET latin1 COLLATE latin1_bin DEFAULT NULL,
  `id_subfamilia` varchar(30) CHARACTER SET latin1 COLLATE latin1_bin DEFAULT NULL,
  `id_tipo` varchar(30) CHARACTER SET latin1 COLLATE latin1_bin DEFAULT NULL,
  `id_material` varchar(30) CHARACTER SET latin1 COLLATE latin1_bin DEFAULT NULL,
  `id_color_1` varchar(30) CHARACTER SET latin1 COLLATE latin1_bin DEFAULT NULL,
  `dimension` varchar(30) CHARACTER SET latin1 COLLATE latin1_bin DEFAULT NULL,
  `ref_principal` varchar(1) CHARACTER SET latin1 COLLATE latin1_bin DEFAULT NULL,
  `stock` decimal(22,0) DEFAULT NULL,
  `fecha_disp` varchar(20) CHARACTER SET latin1 COLLATE latin1_bin DEFAULT NULL,
  `bar_code` decimal(22,0) DEFAULT NULL,
  `novedad` varchar(1) CHARACTER SET latin1 COLLATE latin1_bin DEFAULT NULL,
  `id_color_2` varchar(20) CHARACTER SET latin1 COLLATE latin1_bin DEFAULT NULL,
  `id_color_3` varchar(30) CHARACTER SET latin1 COLLATE latin1_bin DEFAULT NULL,
  `id_agrupacion` varchar(40) CHARACTER SET latin1 COLLATE latin1_bin NOT NULL,
  PRIMARY KEY (`item_id`)
) ENGINE=InnoDB DEFAULT CHARSET=latin1;
/*!40101 SET character_set_client = @saved_cs_client */;

--
-- Dumping data for table `ARTICULOS`
--

LOCK TABLES `ARTICULOS` WRITE;
/*!40000 ALTER TABLE `ARTICULOS` DISABLE KEYS */;
INSERT INTO `ARTICULOS` VALUES (100,'R004402100','004','402','034','019','011','55x48x36','Y','0','VERDE','0','N','NA','NA','100'),(101,'R004402101','004','402','034','019','013','48x35x54','Y','0','VERDE','0','N','NA','NA','101'),(102,'R004402102','004','402','034','011','020','60x60x60','Y','0','VERDE','0','N','NA','NA','102'),(103,'R004402103','004','402','035','011','020','70x80','Y','0','VERDE','0','N','NA','NA','103'),(104,'R004402104','004','402','050','011','020','60x40x60 ','Y','0','VERDE','0','N','NA','NA','104'),(105,'R004401105','004','401','019','011','006','140x40x81','Y','0','VERDE','0','S','NA','NA','105'),(106,'R004401106','004','401','019','011','006','93x29x81','Y','0','VERDE','0','N','NA','NA','106'),(107,'R004401107','004','401','019','011','006','100x30x79','Y','0','VERDE','0','N','NA','NA','107'),(108,'R004401108','004','401','020','011','006','140x50x76','Y','0','VERDE','0','N','NA','NA','108'),(109,'R004401109','004','401','020','011','020','80x38x80','Y','0','VERDE','0','N','NA','NA','109'),(110,'R004401110','004','401','020','011','006','100x35x80','Y','0','VERDE','0','N','NA','NA','110'),(111,'R004401111','004','401','019','011','013','140x30x75','Y','0','VERDE','0','N','NA','NA','111'),(112,'R004405112','004','405','054','011','006','47x50x115','Y','0','VERDE','0','S','NA','NA','112'),(113,'R004405113','004','405','053','013','006','46x46x98','Y','0','VERDE','0','N','NA','NA','113'),(114,'R004405114','004','405','051','011','006','48x44x96','Y','0','VERDE','0','N','NA','NA','114'),(115,'R004405115','004','405','052','011','006','94x50x58','Y','0','VERDE','0','N','NA','NA','115'),(116,'R004405116','004','405','053','011','006','58x47x104','Y','0','VERDE','0','N','005','NA','116'),(117,'R004405117','004','405','051','020','011','47x50x116','Y','0','VERDE','0','N','NA','NA','117'),(118,'R004406118','004','406','055','012','013','90x66x70','Y','0','VERDE','0','N','NA','NA','118'),(119,'R004406119','004','406','055','012','005','90x66x70','Y','0','VERDE','0','N','NA','NA','119'),(120,'R004406120','004','406','018','012','013','156x50x50','Y','0','VERDE','0','N','NA','NA','120'),(121,'R004406121','004','406','018','012','005','156x50x50','Y','0','VERDE','0','S','NA','NA','121'),(122,'R004406122','004','406','055','012','013','76x72x84','Y','0','VERDE','0','N','NA','NA','122'),(123,'R004406123','004','406','044','012','013','60x60x45','Y','0','VERDE','0','N','NA','NA','123'),(124,'R004406124','004','406','055','012','005','76x72x84','Y','0','VERDE','0','S','NA','NA','124'),(125,'R004403125','004','403','036','011','011','55x40x55','Y','0','VERDE','0','S','NA','NA','125'),(126,'R004403126','004','403','036','011','011','50x40x65','Y','0','VERDE','0','N','NA','NA','126'),(127,'R004403127','004','403','036','013','011','55x38x68','Y','0','VERDE','0','N','NA','NA','127'),(128,'R004403128','004','403','036','011','011','50x40x58','Y','0','VERDE','0','N','NA','NA','128'),(129,'R004403129','004','403','036','011','011','42x35x70','Y','0','VERDE','0','N','NA','NA','129'),(130,'R004403130','004','403','036','011','011','55x34x70','Y','0','VERDE','0','N','NA','NA','130'),(131,'R004404131','004','404','026','012','005','46x30x100','Y','0','VERDE','0','N','NA','NA','131'),(132,'R004404132','004','404','026','011','011','45x37x127','Y','0','VERDE','0','S','NA','NA','132'),(133,'R004404133','004','404','057','011','011','55x21x75','Y','0','VERDE','0','N','NA','NA','133'),(134,'R004404134','004','404','041','002','006','69x11','Y','0','VERDE','0','N','NA','NA','134'),(135,'R004404135','004','404','041','011','020','90x18x18','Y','0','VERDE','0','N','NA','NA','135'),(136,'R003301136','003','301','029','011','011','150 cm','Y','0','VERDE','0','N','NA','NA','136'),(137,'R003301137','003','301','029','011','011','25x25x150','Y','0','VERDE','0','N','NA','NA','137'),(138,'R003301138','003','301','029','011','011','30x30x150','Y','0','VERDE','0','N','NA','NA','138'),(139,'R003301139','003','301','027','020','007','100 cm ','Y','0','VERDE','0','N','NA','NA','139'),(140,'R003301140','003','301','029','020','011','150 cm','Y','0','VERDE','0','N','NA','NA','140'),(141,'R003301141','003','301','029','003','011','150 cm','Y','0','VERDE','0','N','NA','NA','141'),(142,'R003302142','003','302','030','011','011','40 cm','Y','0','VERDE','0','S','NA','NA','142'),(143,'R003302143','003','302','030','014','011','40x12x16','Y','0','VERDE','0','N','NA','NA','143'),(144,'R003302144','003','302','030','011','011','15x15x45','Y','0','VERDE','0','N','NA','NA','144'),(145,'R003302145','003','302','030','011','011','50 cm','Y','0','VERDE','0','N','NA','NA','145'),(146,'R003303146','003','303','004','001','011','18x10x30','Y','0','VERDE','0','N','NA','NA','146'),(147,'R003303147','003','303','004','001','011','21x12x24','Y','0','VERDE','0','N','NA','NA','147'),(148,'R003303148','003','303','028','014','003','29x53','Y','0','VERDE','0','N','NA','NA','148'),(149,'R003303149','003','303','031','014','011','64x90','Y','0','VERDE','0','N','NA','NA','149'),(150,'R003303150','003','303','031','020','001','16x75','Y','0','VERDE','0','N','008','NA','150'),(151,'R003303151','003','303','004','015','012','20x9x30','Y','0','VERDE','0','N','NA','NA','151'),(152,'R003303152','003','303','004','014','011','62 cm','Y','0','VERDE','0','S','NA','NA','152'),(153,'R003304153','003','304','037','023','018','25x20x14','Y','0','VERDE','0','N','NA','NA','153'),(154,'R003304154','003','304','038','024','004','35x23x23','Y','0','VERDE','0','N','NA','NA','154'),(155,'R003304155','003','304','037','023','003','35x22x23','Y','0','VERDE','0','N','NA','NA','155'),(156,'R003304156','003','304','037','023','013','35x22x23','Y','0','VERDE','0','S','NA','NA','156'),(157,'R003304157','003','304','039','023','013','40x20x40','Y','0','VERDE','0','N','NA','NA','157'),(158,'R003304158','003','304','038','023','007','35x18x23','Y','0','VERDE','0','N','NA','NA','158'),(159,'R003304159','003','304','037','023','004','50x22x30','Y','0','VERDE','0','N','NA','NA','159'),(160,'R003304160','003','304','038','023','019','20x9x14','Y','0','VERDE','0','N','NA','NA','160'),(161,'R002202161','002','202','023','011','011','80x120 (marco 20 cm)','Y','0','VERDE','0','N','NA','NA','161'),(162,'R002202162','002','202','023','011','011','60x160','Y','0','VERDE','0','N','NA','NA','162'),(163,'R002202163','002','202','023','011','011','53x168','Y','0','VERDE','0','N','NA','NA','163'),(164,'R002202164','002','202','023','011','011','50x35x170','Y','0','VERDE','0','N','NA','NA','164'),(165,'R002202165','002','202','023','011','020','50x180','Y','0','VERDE','0','N','NA','NA','165'),(166,'R002202166','002','202','023','019','009','100x100','Y','0','VERDE','0','N','013','NA','166'),(167,'R002201167','002','201','021','011','008','30x35','Y','0','VERDE','0','N','NA','NA','167'),(168,'R002201168','002','201','021','011','006','50x57','Y','0','VERDE','0','N','NA','NA','168'),(169,'R002201169','002','201','021','011','011','29x34','Y','0','VERDE','0','N','NA','NA','169'),(170,'R001102170','001','102','001','014','013','21 cm','Y','0','VERDE','0','N','009','NA','170'),(171,'R001102171','001','102','013','019','011','17x12x4','Y','0','VERDE','0','N','NA','NA','171'),(172,'R001102172','001','102','009','019','011','32x18x11','Y','0','VERDE','0','N','NA','NA','172'),(173,'R001102173','001','102','014','019','011','17x5x5','Y','0','VERDE','0','N','NA','NA','173'),(174,'R001102174','001','102','032','021','011','9x21','Y','0','VERDE','0','N','009','NA','174'),(175,'R001102175','001','102','032','017','016','7x20','Y','0','VERDE','0','S','NA','NA','175'),(176,'R001102176','001','102','003','006','004','35x25x3','Y','0','VERDE','0','N','NA','NA','176'),(177,'R001102177','001','102','003','001','010','35x25x3','Y','0','VERDE','0','N','NA','NA','177'),(178,'R001102178','001','102','006','019','011','64x40','Y','0','VERDE','0','N','NA','NA','178'),(179,'R001102179','001','102','040','019','011','23x23x30','Y','0','VERDE','0','N','NA','NA','179'),(180,'R001102180','001','102','024','014','015','29x28x2','Y','0','VERDE','0','N','NA','NA','180'),(181,'R001102181','001','102','015','014','014','8x4','Y','0','VERDE','0','N','NA','NA','181'),(182,'R001108182','001','108','042','010','013','10x15','Y','0','VERDE','0','N','NA','NA','182'),(183,'R001108183','001','108','042','014','016','13x13','Y','0','VERDE','0','N','NA','NA','183'),(184,'R001108184','001','108','042','011','014','10x15','Y','0','VERDE','0','N','NA','NA','184'),(185,'R001108185','001','108','042','019','011','10x15','Y','0','VERDE','0','S','NA','NA','185'),(186,'R001108186','001','108','042','021','014','10x15','Y','0','VERDE','0','N','NA','NA','186'),(187,'R001108187','001','108','042','012','011','15x20','Y','0','VERDE','0','N','NA','NA','187'),(188,'R001108188','001','108','042','019','020','15x20','Y','0','VERDE','0','N','NA','NA','188'),(189,'R001107189','001','107','025','007','017','23x42','Y','0','VERDE','0','S','NA','NA','189'),(190,'R001107190','001','107','025','009','NA','6x28','Y','0','VERDE','0','N','NA','NA','190'),(191,'R001107191','001','107','025','009','NA','13x10x26 ','Y','0','VERDE','0','N','NA','NA','191'),(192,'R001107192','001','107','025','009','NA','7x30','Y','0','VERDE','0','N','NA','NA','192'),(193,'R001107193','001','107','025','009','005','26x29','Y','0','VERDE','0','N','NA','NA','193'),(194,'R001107194','001','107','025','009','004','26x12','Y','0','VERDE','0','S','NA','NA','194'),(195,'R001107195','001','107','025','009','NA','21x95','Y','0','VERDE','0','N','NA','NA','195'),(196,'R001107196','001','107','025','009','NA','30x50','Y','0','VERDE','0','S','NA','NA','196'),(197,'R001107197','001','107','025','009','NA','18x13x18','Y','0','VERDE','0','N','NA','NA','197'),(198,'R001107198','001','107','025','009','NA','17x35','Y','0','VERDE','0','N','NA','NA','198'),(199,'R001105199','001','105','005','022','017','30x50','Y','0','VERDE','0','N','013','NA','199'),(200,'R001105200','001','105','048','001','007','50x12','Y','0','VERDE','0','N','NA','NA','200'),(201,'R001105201','001','105','047','003','011','40x40x5','Y','0','VERDE','0','N','NA','NA','201'),(202,'R001105202','001','105','047','004','001','40x30x4','Y','0','VERDE','0','N','NA','NA','202'),(203,'R001105203','001','105','016','009','NA','32x27','Y','0','VERDE','0','N','NA','NA','203'),(204,'R001105204','001','105','016','016','016','61x16','Y','0','VERDE','0','N','NA','NA','204'),(205,'R001105205','001','105','016','009','NA','23x11x16','Y','0','VERDE','0','N','NA','NA','205'),(206,'R001105206','001','105','008','010','017','44x10','Y','0','VERDE','0','N','013','NA','206'),(207,'R001105207','001','105','005','016','016','32x32','Y','0','VERDE','0','N','NA','NA','207'),(208,'R001104208','001','104','010','008','011','35x26x13','Y','0','VERDE','0','N','NA','NA','208'),(209,'R001104209','001','104','010','008','006','35x17x13','Y','0','VERDE','0','S','NA','NA','209'),(210,'R001104210','001','104','011','022','011','23x16x6','Y','0','VERDE','0','N','NA','NA','210'),(211,'R001104211','001','104','012','019','013','30x22x8','Y','0','VERDE','0','N','NA','NA','211'),(212,'R001104212','001','104','017','004','020','37x70','Y','0','VERDE','0','N','NA','NA','212'),(213,'R001104213','001','104','045','004','011','46x25x32','Y','0','VERDE','0','N','NA','NA','213'),(214,'R001103214','001','103','007','018','011','12 cm','Y','0','VERDE','0','N','001','NA','214'),(215,'R001103215','001','103','007','008','020','8 cm','Y','0','VERDE','0','N','NA','NA','215'),(216,'R001103216','001','103','007','008','020','13 cm','Y','0','VERDE','0','N','002','NA','216'),(217,'R001103217','001','103','056','011','011','6x3 ','Y','0','VERDE','0','N','NA','NA','217'),(218,'R001103218','001','103','056','014','002','5 cm','Y','0','VERDE','0','S','NA','NA','218'),(219,'R001103219','001','103','056','014','002','6 cm','Y','0','VERDE','0','N','NA','NA','219'),(220,'R001106220','001','106','024','005','015','44x30x50','Y','0','VERDE','0','N','NA','NA','220'),(221,'R001106221','001','106','049','011','003','26x19x30','Y','0','VERDE','0','N','NA','NA','221'),(222,'R001106222','001','106','033','011','011',' 28x10x10','Y','0','VERDE','0','N','NA','NA','222'),(223,'R001106223','001','106','024','014','015','12x9x26','Y','0','VERDE','0','N','NA','NA','223'),(224,'R001109224','001','109','046','001','005','6x3','Y','0','VERDE','0','N','NA','NA','224'),(225,'R001109225','001','109','002','017','016','14 cm','Y','0','VERDE','0','S','NA','NA','225'),(226,'R001109226','001','109','058','009','017','9x10','Y','0','VERDE','0','N','NA','NA','226'),(227,'R001109227','001','109','046','015','004','7x5','Y','0','VERDE','0','N','NA','NA','227'),(228,'R001109228','001','109','043','020','011','21x21','Y','0','VERDE','0','N','NA','NA','228'),(229,'R001109229','001','109','022','009','NA','20x29','Y','0','VERDE','0','N','NA','NA','229');
/*!40000 ALTER TABLE `ARTICULOS` ENABLE KEYS */;
UNLOCK TABLES;

--
-- Table structure for table `MATERIALES`
--

DROP TABLE IF EXISTS `MATERIALES`;
/*!40101 SET @saved_cs_client     = @@character_set_client */;
/*!40101 SET character_set_client = utf8 */;
CREATE TABLE `MATERIALES` (
  `id_material` varchar(30) CHARACTER SET latin1 COLLATE latin1_bin NOT NULL,
  `id_idioma` int(10) unsigned NOT NULL,
  `nombre` varchar(50) CHARACTER SET latin1 COLLATE latin1_bin NOT NULL,
  PRIMARY KEY (`id_material`,`id_idioma`),
  KEY `MATERIALES_IDIOMAS_fk1` (`id_idioma`),
  KEY `fk_MATERIALES_1` (`id_idioma`),
  CONSTRAINT `fk_MATERIALES_1` FOREIGN KEY (`id_idioma`) REFERENCES `APPEX_IDIOMAS` (`ID_IDIOMA`) ON DELETE CASCADE ON UPDATE CASCADE
) ENGINE=InnoDB DEFAULT CHARSET=latin1;
/*!40101 SET character_set_client = @saved_cs_client */;

--
-- Dumping data for table `MATERIALES`
--

LOCK TABLES `MATERIALES` WRITE;
/*!40000 ALTER TABLE `MATERIALES` DISABLE KEYS */;
INSERT INTO `MATERIALES` VALUES ('001',2,'Bambu'),('001',3,'Bambu'),('001',4,'Bambu'),('001',5,'Bambu'),('001',6,'Bambu'),('002',2,'Bambu/Rattan'),('002',3,'Bambou/Rotin'),('002',4,'Bamboo/Rattan'),('002',5,'Bamboo/Rattan'),('002',6,'Bambu/Rattan'),('003',2,'Banana'),('003',3,'Banane'),('003',4,'Banana'),('003',5,'Banana'),('003',6,'Banana'),('004',2,'Banana/Metal'),('004',3,'Banane/Métal'),('004',4,'Banana/Metal'),('004',5,'Banana/Metal'),('004',6,'Banana/Metal'),('005',2,'Bronce'),('005',3,'Bronze'),('005',4,'Bronze'),('005',5,'Bronzo'),('005',6,'bronze'),('006',2,'Cascara huevo'),('006',3,'Coquille d\'œuf'),('006',4,'Egg shell'),('006',5,'Guscio d\'uovo'),('006',6,'Casca de ovo'),('007',2,'Ceramica'),('007',3,'Céramique'),('007',4,'Ceramic'),('007',5,'Ceramica'),('007',6,'Cerâmico'),('008',2,'Coco'),('008',3,'Noix de coco'),('008',4,'Coconut'),('008',5,'Noce di cocco'),('008',6,'Coco'),('009',2,'Cristal'),('009',3,'Verre'),('009',4,'Glass'),('009',5,'Vetro'),('009',6,'Vidro'),('010',2,'Laca'),('010',3,'Laque'),('010',4,'Lacquer'),('010',5,'Lacca'),('010',6,'Laca'),('011',2,'Madera'),('011',3,'Bois'),('011',4,'Wood'),('011',5,'Legno'),('011',6,'Madeira'),('012',2,'Madera/Metal'),('012',3,'Bois/Métal'),('012',4,'Wood/Metal'),('012',5,'Legno/metallo'),('012',6,'Madeira/Metal'),('013',2,'Madera/Rattan'),('013',3,'Bois/Rotin'),('013',4,'Wood/Rattan'),('013',5,'Legno/Rattan'),('013',6,'Madeira/Rattan'),('014',2,'Metal'),('014',3,'Métal'),('014',4,'Metal'),('014',5,'Metallo'),('014',6,'Metal'),('015',2,'Nacar'),('015',3,'Nacar'),('015',4,'Nacar'),('015',5,'Nacar'),('015',6,'Nacar'),('016',2,'Niquel'),('016',3,'Nickel'),('016',4,'Nickel'),('016',5,'Nichel'),('016',6,'Níquel'),('017',2,'Niquel/Nacar'),('017',3,'Nickel/Nacar'),('017',4,'Nickel/Nacar'),('017',5,'Nickel/Nacar'),('017',6,'Níquel/Nacar'),('018',2,'Piedra'),('018',3,'Pierre'),('018',4,'Stone'),('018',5,'Pietra'),('018',6,'Pedra'),('019',2,'Piel'),('019',3,'Peau'),('019',4,'Leather'),('019',5,'Pelle'),('019',6,'Pele'),('020',2,'Rattan'),('020',3,'Rotin'),('020',4,'Rattan'),('020',5,'Rattan'),('020',6,'Vime'),('021',2,'Resina'),('021',3,'Résine'),('021',4,'Resin'),('021',5,'Resina'),('021',6,'Resina'),('022',2,'Sintetico'),('022',3,'Synthétique'),('022',4,'Synthetic'),('022',5,'Sintetico'),('022',6,'Sintético'),('023',2,'Tela'),('023',3,'Tissu'),('023',4,'Fabric'),('023',5,'Tessuto'),('023',6,'Tecido'),('024',2,'Yute'),('024',3,'Jute'),('024',4,'Jute'),('024',5,'Iuta'),('024',6,'Juta'),('NA',2,'NA'),('NA',3,'NA'),('NA',4,'NA'),('NA',5,'NA'),('NA',6,'NA');
/*!40000 ALTER TABLE `MATERIALES` ENABLE KEYS */;
UNLOCK TABLES;

--
-- Table structure for table `APPEX_COMUNIDADES`
--

DROP TABLE IF EXISTS `APPEX_COMUNIDADES`;
/*!40101 SET @saved_cs_client     = @@character_set_client */;
/*!40101 SET character_set_client = utf8 */;
CREATE TABLE `APPEX_COMUNIDADES` (
  `ID_COMUNIDAD` int(10) unsigned NOT NULL AUTO_INCREMENT COMMENT 'Id. de la comunidad',
  `ID_PAIS` int(10) unsigned NOT NULL COMMENT 'Id. del pais',
  `NOMBRE` varchar(100) NOT NULL COMMENT 'Nombre',
  `G_CODE` varchar(45) DEFAULT NULL COMMENT 'Codigo asignado por Google Maps',
  PRIMARY KEY (`ID_COMUNIDAD`),
  KEY `fk_APPEX_COMUNIDADES_1` (`ID_PAIS`),
  CONSTRAINT `fk_APPEX_COMUNIDADES_1` FOREIGN KEY (`ID_PAIS`) REFERENCES `APPEX_PAISES` (`ID_PAIS`)
) ENGINE=InnoDB DEFAULT CHARSET=utf8 COMMENT='Comunidades / Regiones';
/*!40101 SET character_set_client = @saved_cs_client */;

--
-- Dumping data for table `APPEX_COMUNIDADES`
--

LOCK TABLES `APPEX_COMUNIDADES` WRITE;
/*!40000 ALTER TABLE `APPEX_COMUNIDADES` DISABLE KEYS */;
/*!40000 ALTER TABLE `APPEX_COMUNIDADES` ENABLE KEYS */;
UNLOCK TABLES;

--
-- Table structure for table `APPBS_LOG`
--

DROP TABLE IF EXISTS `APPBS_LOG`;
/*!40101 SET @saved_cs_client     = @@character_set_client */;
/*!40101 SET character_set_client = utf8 */;
CREATE TABLE `APPBS_LOG` (
  `ID_LOG` int(11) NOT NULL AUTO_INCREMENT,
  `ID_APLICACION` varchar(10) NOT NULL DEFAULT '',
  `NIVEL` int(10) unsigned NOT NULL DEFAULT '4' COMMENT 'Nivel de Log',
  `TIPO` varchar(20) NOT NULL DEFAULT '' COMMENT 'Tipo',
  `FECHA` datetime NOT NULL DEFAULT '2000-01-01 00:00:00' COMMENT 'Fecha',
  `LOG` varchar(2000) DEFAULT NULL COMMENT 'Informacion de Log',
  PRIMARY KEY (`ID_LOG`),
  KEY `Index_1` (`NIVEL`) USING BTREE,
  KEY `Index_2` (`TIPO`) USING BTREE,
  KEY `Index_3` (`FECHA`) USING BTREE,
  KEY `Index_4` (`ID_APLICACION`) USING BTREE,
  CONSTRAINT `fk_APPBS_LOG_1` FOREIGN KEY (`ID_APLICACION`) REFERENCES `APPBS_APLICACIONES` (`ID_APLICACION`) ON DELETE CASCADE ON UPDATE CASCADE
) ENGINE=InnoDB AUTO_INCREMENT=150302 DEFAULT CHARSET=utf8 COMMENT='Log de eventos';
/*!40101 SET character_set_client = @saved_cs_client */;

--
-- Dumping data for table `APPBS_LOG`
--

LOCK TABLES `APPBS_LOG` WRITE;
/*!40000 ALTER TABLE `APPBS_LOG` DISABLE KEYS */;
INSERT INTO `APPBS_LOG` VALUES (150224,'DEMO',3,'APP_START','2012-05-25 08:47:22','Iniciando aplicación: Vincomobile Demo web privada'),(150225,'DEMO',3,'APP_START','2012-05-25 08:52:27','Iniciando aplicación: Vincomobile Demo web privada'),(150226,'DEMO',3,'APP_START','2012-05-25 08:53:13','Iniciando aplicación: Vincomobile Demo web privada'),(150227,'DEMO',3,'LOGIN_ENTER','2012-05-25 08:55:28','Usuario válido: admin - Administrador - MANAGER'),(150228,'DEMO',3,'LOGIN_ENTER','2012-05-25 08:55:48','Usuario válido: admin - Administrador - MANAGER'),(150229,'DEMO',3,'APP_START','2012-05-29 19:13:14','Iniciando aplicación: Vincomobile Demo web privada'),(150230,'DEMO',3,'LOGIN_ENTER','2012-05-29 19:14:03','Usuario válido: A123456 - Vendedor Levante - SELLER'),(150231,'DEMO',3,'LOGIN_ENTER','2012-05-29 19:17:01','Usuario válido: A123456 - Vendedor Levante - SALES'),(150232,'DEMO',3,'LOGIN_ENTER','2012-05-29 19:17:43','Usuario válido: A123456 - Vendedor Levante - SALES'),(150233,'DEMO',3,'LOGIN_ENTER','2012-05-29 19:19:51','Usuario válido: A123456 - Vendedor Levante - SALES'),(150234,'DEMO',3,'LOGIN_ENTER','2012-05-29 19:27:21','Usuario válido: A123456 - Vendedor Levante - SELLER'),(150235,'DEMO',3,'LOGIN_ENTER','2012-05-29 19:27:36','Usuario válido: A123456 - Vendedor Levante - SELLER'),(150236,'DEMO',3,'LOGIN_ENTER','2012-05-29 19:28:10','Usuario válido: A123456 - Vendedor Levante - SALES'),(150237,'DEMO',3,'LOGIN_ENTER','2012-05-29 19:38:03','Usuario válido: A123456 - Vendedor Levante - SALES'),(150238,'DEMO',3,'LOGIN_ENTER','2012-05-29 19:52:56','Usuario válido: A123456 - Vendedor Levante - SALES'),(150239,'DEMO',3,'LOGIN_ENTER','2012-05-29 19:58:21','Usuario válido: A123456 - Vendedor Levante - SALES'),(150240,'DEMO',3,'LOGIN_ENTER','2012-05-29 20:04:40','Usuario válido: A123456 - Vendedor Levante - SALES'),(150241,'DEMO',3,'LOGIN_ENTER','2012-05-29 20:16:24','Usuario válido: A123456 - Vendedor Levante - SALES'),(150242,'DEMO',3,'LOGIN_ENTER','2012-05-29 20:19:29','Usuario válido: A123456 - Vendedor Levante - SALES'),(150243,'DEMO',3,'LOGIN_ENTER','2012-05-29 20:21:09','Usuario válido: A123456 - Vendedor Levante - SALES'),(150244,'DEMO',3,'APP_START','2012-05-30 17:06:37','Iniciando aplicación: Vincomobile Demo web privada'),(150245,'DEMO',3,'LOGIN_ENTER','2012-05-30 17:07:03','Usuario válido: A123456 - Vendedor Levante - SALES'),(150246,'DEMO',3,'LOGIN_ENTER','2012-05-30 17:33:14','Usuario válido: A123456 - Vendedor Levante - SALES'),(150247,'DEMO',3,'LOGIN_ENTER','2012-05-30 17:37:39','Usuario válido: A123456 - Vendedor Levante - SALES'),(150248,'DEMO',3,'APP_START','2012-05-30 21:14:25','Iniciando aplicación: Vincomobile Demo web privada'),(150249,'DEMO',3,'LOGIN_ENTER','2012-05-30 21:15:01','Usuario válido: A123456 - Vendedor Levante - SALES'),(150250,'DEMO',3,'LOGIN_ENTER','2012-05-30 21:15:04','Usuario válido: A123456 - Vendedor Levante - SALES'),(150251,'DEMO',3,'LOGIN_ENTER','2012-05-30 21:18:14','Usuario válido: A123456 - Vendedor Levante - SALES'),(150252,'DEMO',3,'LOGIN_ENTER','2012-05-30 21:19:50','Usuario válido: A123456 - Vendedor Levante - SALES'),(150253,'DEMO',3,'APP_START','2012-05-31 09:07:43','Iniciando aplicación: Vincomobile Demo web privada'),(150254,'DEMO',3,'LOGIN_ENTER','2012-05-31 09:07:58','Usuario válido: A123456 - Vendedor Levante - SALES'),(150255,'DEMO',3,'LOGIN_ENTER','2012-05-31 09:33:43','Usuario válido: A123456 - Vendedor Levante - SALES'),(150256,'DEMO',3,'LOGIN_ENTER','2012-05-31 09:52:41','Usuario válido: A123456 - Vendedor Levante - SALES'),(150257,'DEMO',1,'LOGIN_INVALID','2012-05-31 12:00:21','Usuario incorrecto: /'),(150258,'DEMO',3,'LOGIN_ENTER','2012-05-31 17:04:30','Usuario válido: A123456 - Vendedor Levante - SALES'),(150259,'DEMO',3,'LOGIN_ENTER','2012-05-31 18:28:56','Usuario válido: A123456 - Vendedor Levante - SALES'),(150260,'DEMO',3,'APP_START','2012-06-01 19:49:11','Iniciando aplicación: Vincomobile Demo web privada'),(150261,'DEMO',3,'APP_START','2012-06-01 20:04:30','Iniciando aplicación: Vincomobile Demo web privada'),(150262,'DEMO',3,'LOGIN_ENTER','2012-06-01 20:05:06','Usuario válido: A123456 - Vendedor Levante - SALES'),(150263,'DEMO',3,'LOGIN_ENTER','2012-06-01 20:15:51','Usuario válido: A123456 - Vendedor Levante - SALES'),(150264,'DEMO',3,'APP_START','2012-06-01 20:20:34','Iniciando aplicación: Vincomobile Demo web privada'),(150265,'DEMO',3,'LOGIN_ENTER','2012-06-01 20:21:47','Usuario válido: A123456 - Vendedor Levante - SALES'),(150266,'DEMO',3,'LOGIN_ENTER','2012-06-01 20:25:27','Usuario válido: A123456 - Vendedor Levante - SALES'),(150267,'DEMO',3,'LOGIN_ENTER','2012-06-01 20:26:56','Usuario válido: A123456 - Vendedor Levante - SALES'),(150268,'DEMO',3,'LOGIN_ENTER','2012-06-01 20:34:51','Usuario válido: A123456 - Vendedor Levante - SALES'),(150269,'DEMO',3,'LOGIN_ENTER','2012-06-01 20:34:59','Usuario válido: A123456 - Vendedor Levante - SALES'),(150270,'DEMO',3,'LOGIN_ENTER','2012-06-01 20:42:33','Usuario válido: A123456 - Vendedor Levante - SALES'),(150271,'DEMO',3,'LOGIN_ENTER','2012-06-01 20:43:09','Usuario válido: A123456 - Vendedor Levante - SALES'),(150272,'DEMO',3,'APP_START','2012-06-01 21:24:29','Iniciando aplicación: Vincomobile Demo web privada'),(150273,'DEMO',3,'APP_START','2012-06-01 23:34:43','Iniciando aplicación: Vincomobile Demo web privada'),(150274,'DEMO',3,'LOGIN_ENTER','2012-06-01 23:35:51','Usuario válido: A123456 - Vendedor Levante - SALES'),(150275,'DEMO',3,'LOGIN_ENTER','2012-06-01 23:38:50','Usuario válido: A123456 - Vendedor Levante - SALES'),(150276,'DEMO',3,'LOGIN_ENTER','2012-06-01 23:41:18','Usuario válido: A123456 - Vendedor Levante - SALES'),(150277,'DEMO',3,'APP_START','2012-06-01 23:43:55','Iniciando aplicación: Vincomobile Demo web privada'),(150278,'DEMO',3,'LOGIN_ENTER','2012-06-01 23:44:13','Usuario válido: A123456 - Vendedor Levante - SALES'),(150279,'DEMO',3,'LOGIN_ENTER','2012-06-01 23:44:52','Usuario válido: A123456 - Vendedor Levante - SALES'),(150280,'DEMO',3,'LOGIN_ENTER','2012-06-01 23:45:33','Usuario válido: A123456 - Vendedor Levante - SALES'),(150281,'DEMO',3,'LOGIN_ENTER','2012-06-01 23:47:19','Usuario válido: A123456 - Vendedor Levante - SALES'),(150282,'DEMO',3,'LOGIN_ENTER','2012-06-01 23:47:58','Usuario válido: A123456 - Vendedor Levante - SALES'),(150283,'DEMO',3,'LOGIN_ENTER','2012-06-01 23:48:33','Usuario válido: A123456 - Vendedor Levante - SALES'),(150284,'DEMO',3,'APP_START','2012-06-02 20:59:42','Iniciando aplicación: Vincomobile Demo web privada'),(150285,'DEMO',3,'LOGIN_ENTER','2012-06-02 20:59:56','Usuario válido: A123456 - Vendedor Levante - SALES'),(150286,'DEMO',3,'LOGIN_ENTER','2012-06-02 21:01:55','Usuario válido: A123456 - Vendedor Levante - SALES'),(150287,'DEMO',3,'LOGIN_ENTER','2012-06-02 21:03:59','Usuario válido: A123456 - Vendedor Levante - SALES'),(150288,'DEMO',3,'LOGIN_ENTER','2012-06-02 21:06:21','Usuario válido: A123456 - Vendedor Levante - SALES'),(150289,'DEMO',3,'LOGIN_ENTER','2012-06-02 21:09:15','Usuario válido: A123456 - Vendedor Levante - SALES'),(150290,'DEMO',3,'APP_START','2012-06-02 22:45:41','Iniciando aplicación: Vincomobile Demo web privada'),(150291,'DEMO',3,'APP_START','2012-06-03 10:54:38','Iniciando aplicación: Vincomobile Demo web privada'),(150292,'DEMO',3,'APP_START','2012-06-03 11:05:13','Iniciando aplicación: Vincomobile Demo web privada'),(150293,'DEMO',3,'APP_START','2012-06-03 11:06:06','Iniciando aplicación: Vincomobile Demo web privada'),(150294,'DEMO',3,'LOGIN_ENTER','2012-06-03 11:08:27','Usuario válido: A123456 - Vendedor Levante - SALES'),(150295,'DEMO',3,'APP_START','2012-06-03 11:16:17','Iniciando aplicación: Vincomobile Demo web privada'),(150296,'DEMO',3,'LOGIN_ENTER','2012-06-03 11:17:13','Usuario válido: A123456 - Vendedor Levante - SALES'),(150297,'DEMO',3,'LOGIN_ENTER','2012-06-03 11:23:52','Usuario válido: A123456 - Vendedor Levante - SALES'),(150298,'DEMO',3,'LOGIN_ENTER','2012-06-03 11:27:15','Usuario válido: A123456 - Vendedor Levante - SALES'),(150299,'DEMO',3,'LOGIN_ENTER','2012-06-03 11:55:16','Usuario válido: A123456 - Vendedor Levante - SALES'),(150300,'DEMO',3,'LOGIN_ENTER','2012-06-03 11:59:03','Usuario válido: A123456 - Vendedor Levante - SALES'),(150301,'DEMO',3,'LOGIN_ENTER','2012-06-03 12:03:29','Usuario válido: A123456 - Vendedor Levante - SALES');
/*!40000 ALTER TABLE `APPBS_LOG` ENABLE KEYS */;
UNLOCK TABLES;

--
-- Table structure for table `PROMOCIONES`
--

DROP TABLE IF EXISTS `PROMOCIONES`;
/*!40101 SET @saved_cs_client     = @@character_set_client */;
/*!40101 SET character_set_client = utf8 */;
CREATE TABLE `PROMOCIONES` (
  `id_promocion` bigint(15) NOT NULL,
  `nombre` varchar(80) CHARACTER SET latin1 COLLATE latin1_bin NOT NULL,
  `web` varchar(1) CHARACTER SET latin1 COLLATE latin1_bin DEFAULT NULL,
  `feria` varchar(1) CHARACTER SET latin1 COLLATE latin1_bin DEFAULT NULL,
  `catalogo` varchar(1) CHARACTER SET latin1 COLLATE latin1_bin DEFAULT NULL,
  `id_moneda` varchar(10) CHARACTER SET latin1 COLLATE latin1_bin NOT NULL,
  PRIMARY KEY (`id_promocion`),
  KEY `PROMOCIONES_MONEDAS_fk1` (`id_moneda`),
  CONSTRAINT `PROMOCIONES_MONEDAS_fk1` FOREIGN KEY (`id_moneda`) REFERENCES `MONEDAS` (`id_moneda`) ON DELETE NO ACTION ON UPDATE NO ACTION
) ENGINE=InnoDB DEFAULT CHARSET=latin1;
/*!40101 SET character_set_client = @saved_cs_client */;

--
-- Dumping data for table `PROMOCIONES`
--

LOCK TABLES `PROMOCIONES` WRITE;
/*!40000 ALTER TABLE `PROMOCIONES` DISABLE KEYS */;
/*!40000 ALTER TABLE `PROMOCIONES` ENABLE KEYS */;
UNLOCK TABLES;

--
-- Table structure for table `ARTICULOS_ASOCIADOS`
--

DROP TABLE IF EXISTS `ARTICULOS_ASOCIADOS`;
/*!40101 SET @saved_cs_client     = @@character_set_client */;
/*!40101 SET character_set_client = utf8 */;
CREATE TABLE `ARTICULOS_ASOCIADOS` (
  `item_id_1` bigint(15) NOT NULL,
  `item_id_2` bigint(15) NOT NULL,
  PRIMARY KEY (`item_id_1`,`item_id_2`),
  KEY `ARTICULOS_ASOCIADOS_artic_fk2` (`item_id_2`),
  CONSTRAINT `ARTICULOS_ASOCIADOS_artic_fk1` FOREIGN KEY (`item_id_1`) REFERENCES `ARTICULOS` (`item_id`) ON DELETE NO ACTION ON UPDATE NO ACTION,
  CONSTRAINT `ARTICULOS_ASOCIADOS_artic_fk2` FOREIGN KEY (`item_id_2`) REFERENCES `ARTICULOS` (`item_id`) ON DELETE NO ACTION ON UPDATE NO ACTION
) ENGINE=InnoDB DEFAULT CHARSET=latin1;
/*!40101 SET character_set_client = @saved_cs_client */;

--
-- Dumping data for table `ARTICULOS_ASOCIADOS`
--

LOCK TABLES `ARTICULOS_ASOCIADOS` WRITE;
/*!40000 ALTER TABLE `ARTICULOS_ASOCIADOS` DISABLE KEYS */;
INSERT INTO `ARTICULOS_ASOCIADOS` VALUES (102,112),(102,114),(112,114),(121,119),(118,120),(118,123),(120,123),(119,124),(121,124),(105,145),(201,150),(202,150),(212,150),(213,150),(181,173),(184,173),(186,173),(105,174),(179,178),(124,180),(184,181),(186,181),(214,181),(178,185),(179,185),(184,186),(124,190),(180,190),(207,190),(197,191),(205,191),(197,192),(205,192),(111,193),(206,193),(111,194),(206,194),(124,195),(180,195),(207,195),(203,196),(229,196),(189,199),(229,203),(197,205),(111,206),(124,207),(180,207),(108,208),(215,208),(216,208),(108,209),(215,209),(216,209),(201,212),(202,212),(201,213),(202,213),(173,214),(184,214),(186,214),(108,215),(108,216),(189,226),(199,226),(189,227),(199,227),(226,227);
/*!40000 ALTER TABLE `ARTICULOS_ASOCIADOS` ENABLE KEYS */;
UNLOCK TABLES;

--
-- Table structure for table `ARTICULOS_DESCRIP`
--

DROP TABLE IF EXISTS `ARTICULOS_DESCRIP`;
/*!40101 SET @saved_cs_client     = @@character_set_client */;
/*!40101 SET character_set_client = utf8 */;
CREATE TABLE `ARTICULOS_DESCRIP` (
  `item_id` bigint(15) NOT NULL,
  `id_idioma` int(10) unsigned NOT NULL,
  `descripcion` varchar(240) CHARACTER SET latin1 COLLATE latin1_bin NOT NULL,
  PRIMARY KEY (`item_id`,`id_idioma`),
  KEY `ARTICULOS_DESCRIP_IDIOMAS_fk1` (`id_idioma`),
  KEY `fk_ARTICULOS_DESCRIP_1` (`id_idioma`),
  CONSTRAINT `ARTICULOS_DESCRIP_articul_fk1` FOREIGN KEY (`item_id`) REFERENCES `ARTICULOS` (`item_id`) ON DELETE NO ACTION ON UPDATE NO ACTION,
  CONSTRAINT `fk_ARTICULOS_DESCRIP_1` FOREIGN KEY (`id_idioma`) REFERENCES `APPEX_IDIOMAS` (`ID_IDIOMA`) ON DELETE CASCADE ON UPDATE CASCADE
) ENGINE=InnoDB DEFAULT CHARSET=latin1;
/*!40101 SET character_set_client = @saved_cs_client */;

--
-- Dumping data for table `ARTICULOS_DESCRIP`
--

LOCK TABLES `ARTICULOS_DESCRIP` WRITE;
/*!40000 ALTER TABLE `ARTICULOS_DESCRIP` DISABLE KEYS */;
INSERT INTO `ARTICULOS_DESCRIP` VALUES (100,2,'Mesa auxiliar 55x48x36 Piel Marron'),(100,3,'Table d\'appoint 55x48x36 Peau Brun'),(100,4,'Side table 55x48x36 Leather Brown'),(100,5,'Tavolino 55x48x36 Pelle Marrone'),(100,6,'Mesa lateral 55x48x36 Pele Marrom'),(101,2,'Mesa auxiliar 48x35x54 Piel Negro'),(101,3,'Table d\'appoint 48x35x54 Peau Noir'),(101,4,'Side table 48x35x54 Leather Black'),(101,5,'Tavolino 48x35x54 Pelle Nero'),(101,6,'Mesa lateral 48x35x54 Pele Preto'),(102,2,'Mesa auxiliar 60x60x60 Madera Wenge'),(102,3,'Table d\'appoint 60x60x60 Bois Wenge'),(102,4,'Side table 60x60x60 Wood Wenge'),(102,5,'Tavolino 60x60x60 Legno Wenge'),(102,6,'Mesa lateral 60x60x60 Madeira Wenge'),(103,2,'Mesa redonda 70x80 Madera Wenge'),(103,3,'Table ronde 70x80 Bois Wenge'),(103,4,'Roundtable 70x80 Wood Wenge'),(103,5,'Tavola rotonda 70x80 Legno Wenge'),(103,6,'Mesa Redonda 70x80 Madeira Wenge'),(104,2,'Set/2 mesas 60x40x60  Madera Wenge'),(104,3,'Set/2 tables 60x40x60  Bois Wenge'),(104,4,'Set/2 tables 60x40x60  Wood Wenge'),(104,5,'Set/2 tavoli 60x40x60  Legno Wenge'),(104,6,'Set/2 tabelas 60x40x60  Madeira Wenge'),(105,2,'Consola 140x40x81 Madera Cerezo'),(105,3,'Console 140x40x81 Bois Cerise'),(105,4,'Console 140x40x81 Wood Cherry'),(105,5,'Console 140x40x81 Legno Ciliegia'),(105,6,'Console 140x40x81 Madeira Cereja'),(106,2,'Consola 93x29x81 Madera Cerezo'),(106,3,'Console 93x29x81 Bois Cerise'),(106,4,'Console 93x29x81 Wood Cherry'),(106,5,'Console 93x29x81 Legno Ciliegia'),(106,6,'Console 93x29x81 Madeira Cereja'),(107,2,'Consola 100x30x79 Madera Cerezo'),(107,3,'Console 100x30x79 Bois Cerise'),(107,4,'Console 100x30x79 Wood Cherry'),(107,5,'Console 100x30x79 Legno Ciliegia'),(107,6,'Console 100x30x79 Madeira Cereja'),(108,2,'Consola 2 cajones 140x50x76 Madera Cerezo'),(108,3,'2 Console tiroirs 140x50x76 Bois Cerise'),(108,4,'2 drawers Console 140x50x76 Wood Cherry'),(108,5,'2 cassetti Console 140x50x76 Legno Ciliegia'),(108,6,'2 Console gavetas 140x50x76 Madeira Cereja'),(109,2,'Consola 2 cajones 80x38x80 Madera Wenge'),(109,3,'2 Console tiroirs 80x38x80 Bois Wenge'),(109,4,'2 drawers Console 80x38x80 Wood Wenge'),(109,5,'2 cassetti Console 80x38x80 Legno Wenge'),(109,6,'2 Console gavetas 80x38x80 Madeira Wenge'),(110,2,'Consola 2 cajones 100x35x80 Madera Cerezo'),(110,3,'2 Console tiroirs 100x35x80 Bois Cerise'),(110,4,'2 drawers Console 100x35x80 Wood Cherry'),(110,5,'2 cassetti Console 100x35x80 Legno Ciliegia'),(110,6,'2 Console gavetas 100x35x80 Madeira Cereja'),(111,2,'Consola 140x30x75 Madera Negro'),(111,3,'Console 140x30x75 Bois Noir'),(111,4,'Console 140x30x75 Wood Black'),(111,5,'Console 140x30x75 Legno Nero'),(111,6,'Console 140x30x75 Madeira Preto'),(112,2,'Silla cuadros 47x50x115 Madera Cerezo'),(112,3,'Cadres Chaire 47x50x115 Bois Cerise'),(112,4,'Chair frames 47x50x115 Wood Cherry'),(112,5,'Sedia frames 47x50x115 Legno Ciliegia'),(112,6,'Quadros da cadeira 47x50x115 Madeira Cereja'),(113,2,'Silla con brazos 46x46x98 Madera/Rattan Cerezo'),(113,3,'Fauteuil 46x46x98 Bois/Rotin Cerise'),(113,4,'Armchair 46x46x98 Wood/Rattan Cherry'),(113,5,'Poltrona 46x46x98 Legno/Rattan Ciliegia'),(113,6,'Poltrona 46x46x98 Madeira/Rattan Cereja'),(114,2,'Silla 48x44x96 Madera Cerezo'),(114,3,'Chaise 48x44x96 Bois Cerise'),(114,4,'Chair 48x44x96 Wood Cherry'),(114,5,'Sedia 48x44x96 Legno Ciliegia'),(114,6,'Cadeira 48x44x96 Madeira Cereja'),(115,2,'Silla comedor 94x50x58 Madera Cerezo'),(115,3,'Chaise 94x50x58 Bois Cerise'),(115,4,'Dining chair 94x50x58 Wood Cherry'),(115,5,'Sedia da pranzo 94x50x58 Legno Ciliegia'),(115,6,'Cadeira de jantar 94x50x58 Madeira Cereja'),(116,2,'Silla con brazos 58x47x104 Madera Cerezo'),(116,3,'Fauteuil 58x47x104 Bois Cerise'),(116,4,'Armchair 58x47x104 Wood Cherry'),(116,5,'Poltrona 58x47x104 Legno Ciliegia'),(116,6,'Poltrona 58x47x104 Madeira Cereja'),(117,2,'Silla 47x50x116 Rattan Marron'),(117,3,'Chaise 47x50x116 Rotin Brun'),(117,4,'Chair 47x50x116 Rattan Brown'),(117,5,'Sedia 47x50x116 Rattan Marrone'),(117,6,'Cadeira 47x50x116 Vime Marrom'),(118,2,'Sillón 90x66x70 Madera/Metal Negro'),(118,3,'Chaise 90x66x70 Bois/Métal Noir'),(118,4,'Chair 90x66x70 Wood/Metal Black'),(118,5,'Sedia 90x66x70 Legno/metallo Nero'),(118,6,'Cadeira 90x66x70 Madeira/Metal Preto'),(119,2,'Sillón 90x66x70 Madera/Metal Blanco'),(119,3,'Chaise 90x66x70 Bois/Métal Cible'),(119,4,'Chair 90x66x70 Wood/Metal Target'),(119,5,'Sedia 90x66x70 Legno/metallo Obiettivo'),(119,6,'Cadeira 90x66x70 Madeira/Metal Alvo'),(120,2,'Chaise longue 156x50x50 Madera/Metal Negro'),(120,3,'Méridienne 156x50x50 Bois/Métal Noir'),(120,4,'Chaise longue 156x50x50 Wood/Metal Black'),(120,5,'Chaise longue 156x50x50 Legno/metallo Nero'),(120,6,'Espreguiçadeira 156x50x50 Madeira/Metal Preto'),(121,2,'Chaise longue 156x50x50 Madera/Metal Blanco'),(121,3,'Méridienne 156x50x50 Bois/Métal Cible'),(121,4,'Chaise longue 156x50x50 Wood/Metal Target'),(121,5,'Chaise longue 156x50x50 Legno/metallo Obiettivo'),(121,6,'Espreguiçadeira 156x50x50 Madeira/Metal Alvo'),(122,2,'Sillón 76x72x84 Madera/Metal Negro'),(122,3,'Chaise 76x72x84 Bois/Métal Noir'),(122,4,'Chair 76x72x84 Wood/Metal Black'),(122,5,'Sedia 76x72x84 Legno/metallo Nero'),(122,6,'Cadeira 76x72x84 Madeira/Metal Preto'),(123,2,'Reposapiés 60x60x45 Madera/Metal Negro'),(123,3,'Repose-pied 60x60x45 Bois/Métal Noir'),(123,4,'Footrest 60x60x45 Wood/Metal Black'),(123,5,'Poggiapiedi 60x60x45 Legno/metallo Nero'),(123,6,'Apoio para os pés 60x60x45 Madeira/Metal Preto'),(124,2,'Sillón 76x72x84 Madera/Metal Blanco'),(124,3,'Chaise 76x72x84 Bois/Métal Cible'),(124,4,'Chair 76x72x84 Wood/Metal Target'),(124,5,'Sedia 76x72x84 Legno/metallo Obiettivo'),(124,6,'Cadeira 76x72x84 Madeira/Metal Alvo'),(125,2,'Mesita de noche 55x40x55 Madera Marron'),(125,3,'Table de chevet 55x40x55 Bois Brun'),(125,4,'Nightstand 55x40x55 Wood Brown'),(125,5,'Comodino 55x40x55 Legno Marrone'),(125,6,'Nightstand 55x40x55 Madeira Marrom'),(126,2,'Mesita de noche 50x40x65 Madera Marron'),(126,3,'Table de chevet 50x40x65 Bois Brun'),(126,4,'Nightstand 50x40x65 Wood Brown'),(126,5,'Comodino 50x40x65 Legno Marrone'),(126,6,'Nightstand 50x40x65 Madeira Marrom'),(127,2,'Mesita de noche 55x38x68 Madera/Rattan Marron'),(127,3,'Table de chevet 55x38x68 Bois/Rotin Brun'),(127,4,'Nightstand 55x38x68 Wood/Rattan Brown'),(127,5,'Comodino 55x38x68 Legno/Rattan Marrone'),(127,6,'Nightstand 55x38x68 Madeira/Rattan Marrom'),(128,2,'Mesita de noche 50x40x58 Madera Marron'),(128,3,'Table de chevet 50x40x58 Bois Brun'),(128,4,'Nightstand 50x40x58 Wood Brown'),(128,5,'Comodino 50x40x58 Legno Marrone'),(128,6,'Nightstand 50x40x58 Madeira Marrom'),(129,2,'Mesita de noche 42x35x70 Madera Marron'),(129,3,'Table de chevet 42x35x70 Bois Brun'),(129,4,'Nightstand 42x35x70 Wood Brown'),(129,5,'Comodino 42x35x70 Legno Marrone'),(129,6,'Nightstand 42x35x70 Madeira Marrom'),(130,2,'Mesita de noche 55x34x70 Madera Marron'),(130,3,'Table de chevet 55x34x70 Bois Brun'),(130,4,'Nightstand 55x34x70 Wood Brown'),(130,5,'Comodino 55x34x70 Legno Marrone'),(130,6,'Nightstand 55x34x70 Madeira Marrom'),(131,2,'Galan 46x30x100 Madera/Metal Blanco'),(131,3,'Galan 46x30x100 Bois/Métal Cible'),(131,4,'Galan 46x30x100 Wood/Metal Target'),(131,5,'Galan 46x30x100 Legno/metallo Obiettivo'),(131,6,'Galan 46x30x100 Madeira/Metal Alvo'),(132,2,'Galan 45x37x127 Madera Marron'),(132,3,'Galan 45x37x127 Bois Brun'),(132,4,'Galan 45x37x127 Wood Brown'),(132,5,'Galan 45x37x127 Legno Marrone'),(132,6,'Galan 45x37x127 Madeira Marrom'),(133,2,'Toallero 55x21x75 Madera Marron'),(133,3,'Serviette 55x21x75 Bois Brun'),(133,4,'Towel 55x21x75 Wood Brown'),(133,5,'Asciugamano 55x21x75 Legno Marrone'),(133,6,'Toalha 55x21x75 Madeira Marrom'),(134,2,'Percha 69x11 Bambu/Rattan Cerezo'),(134,3,'Percher 69x11 Bambou/Rotin Cerise'),(134,4,'Perch 69x11 Bamboo/Rattan Cherry'),(134,5,'Pesce persico 69x11 Bamboo/Rattan Ciliegia'),(134,6,'Poleiro 69x11 Bambu/Rattan Cereja'),(135,2,'Percha 90x18x18 Madera Wenge'),(135,3,'Percher 90x18x18 Bois Wenge'),(135,4,'Perch 90x18x18 Wood Wenge'),(135,5,'Pesce persico 90x18x18 Legno Wenge'),(135,6,'Poleiro 90x18x18 Madeira Wenge'),(136,2,'Lámpara de pie 150 cm Madera Marron'),(136,3,'Lampadaire 150 cm Bois Brun'),(136,4,'Floor lamp 150 cm Wood Brown'),(136,5,'Lampada da terra 150 cm Legno Marrone'),(136,6,'Candeeiro de pé 150 cm Madeira Marrom'),(137,2,'Lámpara de pie 25x25x150 Madera Marron'),(137,3,'Lampadaire 25x25x150 Bois Brun'),(137,4,'Floor lamp 25x25x150 Wood Brown'),(137,5,'Lampada da terra 25x25x150 Legno Marrone'),(137,6,'Candeeiro de pé 25x25x150 Madeira Marrom'),(138,2,'Lámpara de pie 30x30x150 Madera Marron'),(138,3,'Lampadaire 30x30x150 Bois Brun'),(138,4,'Floor lamp 30x30x150 Wood Brown'),(138,5,'Lampada da terra 30x30x150 Legno Marrone'),(138,6,'Candeeiro de pé 30x30x150 Madeira Marrom'),(139,2,'Lámpara 100 cm  Rattan Crema'),(139,3,'Lampe 100 cm  Rotin Crème'),(139,4,'Lamp 100 cm  Rattan Cream'),(139,5,'Lampada 100 cm  Rattan Crema'),(139,6,'Lâmpada 100 cm  Vime Creme'),(140,2,'Lámpara de pie 150 cm Rattan Marron'),(140,3,'Lampadaire 150 cm Rotin Brun'),(140,4,'Floor lamp 150 cm Rattan Brown'),(140,5,'Lampada da terra 150 cm Rattan Marrone'),(140,6,'Candeeiro de pé 150 cm Vime Marrom'),(141,2,'Lámpara de pie 150 cm Banana Marron'),(141,3,'Lampadaire 150 cm Banane Brun'),(141,4,'Floor lamp 150 cm Banana Brown'),(141,5,'Lampada da terra 150 cm Banana Marrone'),(141,6,'Candeeiro de pé 150 cm Banana Marrom'),(142,2,'Lámpara sobremesa 40 cm Madera Marron'),(142,3,'Lampe de bureau 40 cm Bois Brun'),(142,4,'Desktop lamp 40 cm Wood Brown'),(142,5,'Desktop Lamp 40 cm Legno Marrone'),(142,6,'Lâmpada de mesa 40 cm Madeira Marrom'),(143,2,'Lámpara sobremesa 40x12x16 Metal Marron'),(143,3,'Lampe de bureau 40x12x16 Métal Brun'),(143,4,'Desktop lamp 40x12x16 Metal Brown'),(143,5,'Desktop Lamp 40x12x16 Metallo Marrone'),(143,6,'Lâmpada de mesa 40x12x16 Metal Marrom'),(144,2,'Lámpara sobremesa 15x15x45 Madera Marron'),(144,3,'Lampe de bureau 15x15x45 Bois Brun'),(144,4,'Desktop lamp 15x15x45 Wood Brown'),(144,5,'Desktop Lamp 15x15x45 Legno Marrone'),(144,6,'Lâmpada de mesa 15x15x45 Madeira Marrom'),(145,2,'Lámpara sobremesa 50 cm Madera Marron'),(145,3,'Lampe de bureau 50 cm Bois Brun'),(145,4,'Desktop lamp 50 cm Wood Brown'),(145,5,'Desktop Lamp 50 cm Legno Marrone'),(145,6,'Lâmpada de mesa 50 cm Madeira Marrom'),(146,2,'Aplique 18x10x30 Bambu Marron'),(146,3,'Appliquer 18x10x30 Bambu Brun'),(146,4,'Apply 18x10x30 Bambu Brown'),(146,5,'Applicare 18x10x30 Bambu Marrone'),(146,6,'Aplicar 18x10x30 Bambu Marrom'),(147,2,'Aplique 21x12x24 Bambu Marron'),(147,3,'Appliquer 21x12x24 Bambu Brun'),(147,4,'Apply 21x12x24 Bambu Brown'),(147,5,'Applicare 21x12x24 Bambu Marrone'),(147,6,'Aplicar 21x12x24 Bambu Marrom'),(148,2,'Lámpara colgar 29x53 Metal Arena'),(148,3,'Lampe suspendue 29x53 Métal Sable'),(148,4,'Hanging lamp 29x53 Metal Sand'),(148,5,'Lampada a sospensione 29x53 Metallo Sabbia'),(148,6,'Hanging Lamp 29x53 Metal Areia'),(149,2,'Lámpara techo 64x90 Metal Marron'),(149,3,'Plafonnier 64x90 Métal Brun'),(149,4,'Ceiling lamp 64x90 Metal Brown'),(149,5,'Soffitto 64x90 Metallo Marrone'),(149,6,'Lâmpada de teto 64x90 Metal Marrom'),(150,2,'Lámpara techo 16x75 Rattan Amarillo'),(150,3,'Plafonnier 16x75 Rotin Jaune'),(150,4,'Ceiling lamp 16x75 Rattan Yellow'),(150,5,'Soffitto 16x75 Rattan Giallo'),(150,6,'Lâmpada de teto 16x75 Vime Amarelo'),(151,2,'Aplique 20x9x30 Nacar Naranja'),(151,3,'Appliquer 20x9x30 Nacar Orange'),(151,4,'Apply 20x9x30 Nacar Orange'),(151,5,'Applicare 20x9x30 Nacar Arancione'),(151,6,'Aplicar 20x9x30 Nacar Laranja'),(152,2,'Aplique 62 cm Metal Marron'),(152,3,'Appliquer 62 cm Métal Brun'),(152,4,'Apply 62 cm Metal Brown'),(152,5,'Applicare 62 cm Metallo Marrone'),(152,6,'Aplicar 62 cm Metal Marrom'),(153,2,'Pantalla conica 25x20x14 Tela Vainilla'),(153,3,'Écran conique 25x20x14 Tissu Vanille'),(153,4,'Conical screen 25x20x14 Fabric Vanilla'),(153,5,'Schermo conico 25x20x14 Tessuto Vaniglia'),(153,6,'Tela cônica 25x20x14 Tecido Baunilha'),(154,2,'Pantalla piramidal 35x23x23 Yute Beige'),(154,3,'Écran pyramidale 35x23x23 Jute Beige'),(154,4,'Screen pyramidal 35x23x23 Jute Beige'),(154,5,'Schermo piramidale 35x23x23 Iuta Beige'),(154,6,'Tela piramidal 35x23x23 Juta Bege'),(155,2,'Pantalla conica 35x22x23 Tela Arena'),(155,3,'Écran conique 35x22x23 Tissu Sable'),(155,4,'Conical screen 35x22x23 Fabric Sand'),(155,5,'Schermo conico 35x22x23 Tessuto Sabbia'),(155,6,'Tela cônica 35x22x23 Tecido Areia'),(156,2,'Pantalla conica 35x22x23 Tela Negro'),(156,3,'Écran conique 35x22x23 Tissu Noir'),(156,4,'Conical screen 35x22x23 Fabric Black'),(156,5,'Schermo conico 35x22x23 Tessuto Nero'),(156,6,'Tela cônica 35x22x23 Tecido Preto'),(157,2,'Pantalla rectangular 40x20x40 Tela Negro'),(157,3,'Écran rectangulaire 40x20x40 Tissu Noir'),(157,4,'Rectangular screen 40x20x40 Fabric Black'),(157,5,'Schermo rettangolare 40x20x40 Tessuto Nero'),(157,6,'Tela retangular 40x20x40 Tecido Preto'),(158,2,'Pantalla piramidal 35x18x23 Tela Crema'),(158,3,'Écran pyramidale 35x18x23 Tissu Crème'),(158,4,'Screen pyramidal 35x18x23 Fabric Cream'),(158,5,'Schermo piramidale 35x18x23 Tessuto Crema'),(158,6,'Tela piramidal 35x18x23 Tecido Creme'),(159,2,'Pantalla conica 50x22x30 Tela Beige'),(159,3,'Écran conique 50x22x30 Tissu Beige'),(159,4,'Conical screen 50x22x30 Fabric Beige'),(159,5,'Schermo conico 50x22x30 Tessuto Beige'),(159,6,'Tela cônica 50x22x30 Tecido Bege'),(160,2,'Pantalla piramidal 20x9x14 Tela Verde musgo'),(160,3,'Écran pyramidale 20x9x14 Tissu Vert mousse'),(160,4,'Screen pyramidal 20x9x14 Fabric Moss Green'),(160,5,'Schermo piramidale 20x9x14 Tessuto Moss verde'),(160,6,'Tela piramidal 20x9x14 Tecido Verde musgo'),(161,2,'Espejo 80x120 (marco 20 cm) Madera Marron'),(161,3,'Miroir 80x120 (marco 20 cm) Bois Brun'),(161,4,'Mirror 80x120 (marco 20 cm) Wood Brown'),(161,5,'Specchio 80x120 (marco 20 cm) Legno Marrone'),(161,6,'Espelho 80x120 (marco 20 cm) Madeira Marrom'),(162,2,'Espejo 60x160 Madera Marron'),(162,3,'Miroir 60x160 Bois Brun'),(162,4,'Mirror 60x160 Wood Brown'),(162,5,'Specchio 60x160 Legno Marrone'),(162,6,'Espelho 60x160 Madeira Marrom'),(163,2,'Espejo 53x168 Madera Marron'),(163,3,'Miroir 53x168 Bois Brun'),(163,4,'Mirror 53x168 Wood Brown'),(163,5,'Specchio 53x168 Legno Marrone'),(163,6,'Espelho 53x168 Madeira Marrom'),(164,2,'Espejo 50x35x170 Madera Marron'),(164,3,'Miroir 50x35x170 Bois Brun'),(164,4,'Mirror 50x35x170 Wood Brown'),(164,5,'Specchio 50x35x170 Legno Marrone'),(164,6,'Espelho 50x35x170 Madeira Marrom'),(165,2,'Espejo 50x180 Madera Wenge'),(165,3,'Miroir 50x180 Bois Wenge'),(165,4,'Mirror 50x180 Wood Wenge'),(165,5,'Specchio 50x180 Legno Wenge'),(165,6,'Espelho 50x180 Madeira Wenge'),(166,2,'Espejo 100x100 Piel Dorado'),(166,3,'Miroir 100x100 Peau D\'or'),(166,4,'Mirror 100x100 Leather Golden'),(166,5,'Specchio 100x100 Pelle D\'oro'),(166,6,'Espelho 100x100 Pele Dourado'),(167,2,'Cuadro 30x35 Madera Cromo'),(167,3,'Table 30x35 Bois Chrome'),(167,4,'Cuadro 30x35 Wood Chromium'),(167,5,'Tavolo 30x35 Legno Cromo'),(167,6,'Tabela 30x35 Madeira Crômio'),(168,2,'Cuadro 50x57 Madera Cerezo'),(168,3,'Table 50x57 Bois Cerise'),(168,4,'Cuadro 50x57 Wood Cherry'),(168,5,'Tavolo 50x57 Legno Ciliegia'),(168,6,'Tabela 50x57 Madeira Cereja'),(169,2,'Cuadro 29x34 Madera Marron'),(169,3,'Table 29x34 Bois Brun'),(169,4,'Cuadro 29x34 Wood Brown'),(169,5,'Tavolo 29x34 Legno Marrone'),(169,6,'Tabela 29x34 Madeira Marrom'),(170,2,'Abrecartas 21 cm Metal Negro'),(170,3,'Antiquités 21 cm Métal Noir'),(170,4,'Antiques 21 cm Metal Black'),(170,5,'Antiques 21 cm Metallo Nero'),(170,6,'Antiguidades 21 cm Metal Preto'),(171,2,'Caja naipes 17x12x4 Piel Marron'),(171,3,'Cartes de paiement 17x12x4 Peau Brun'),(171,4,'Cash cards 17x12x4 Leather Brown'),(171,5,'Cash carte 17x12x4 Pelle Marrone'),(171,6,'Cash cartões 17x12x4 Pele Marrom'),(172,2,'Caja ajedrez 32x18x11 Piel Marron'),(172,3,'Chess Box 32x18x11 Peau Brun'),(172,4,'Chess box 32x18x11 Leather Brown'),(172,5,'Chess Box 32x18x11 Pelle Marrone'),(172,6,'Caixa de xadrez 32x18x11 Pele Marrom'),(173,2,'Catalejo 17x5x5 Piel Marron'),(173,3,'Télescope 17x5x5 Peau Brun'),(173,4,'Telescope 17x5x5 Leather Brown'),(173,5,'Telescopio 17x5x5 Pelle Marrone'),(173,6,'Telescópio 17x5x5 Pele Marrom'),(174,2,'Lupa 9x21 Resina Marron'),(174,3,'Loupe 9x21 Résine Brun'),(174,4,'Magnifying glass 9x21 Resin Brown'),(174,5,'Lente di ingrandimento 9x21 Resina Marrone'),(174,6,'Lupa 9x21 Resina Marrom'),(175,2,'Lupa 7x20 Niquel/Nacar Plateado'),(175,3,'Loupe 7x20 Nickel/Nacar Argent'),(175,4,'Magnifying glass 7x20 Nickel/Nacar Silver'),(175,5,'Lente di ingrandimento 7x20 Nickel/Nacar Argento'),(175,6,'Lupa 7x20 Níquel/Nacar Prata'),(176,2,'Albúm fotos 35x25x3 Cascara huevo Beige'),(176,3,'Album photo 35x25x3 Coquille d\'œuf Beige'),(176,4,'Photo album 35x25x3 Egg shell Beige'),(176,5,'Photo Album 35x25x3 Guscio d\'uovo Beige'),(176,6,'Álbum de fotografias 35x25x3 Casca de ovo Bege'),(177,2,'Albúm fotos 35x25x3 Bambu Marfil'),(177,3,'Album photo 35x25x3 Bambu Ivoire'),(177,4,'Photo album 35x25x3 Bambu Ivory'),(177,5,'Photo Album 35x25x3 Bambu Avorio'),(177,6,'Álbum de fotografias 35x25x3 Bambu Marfim'),(178,2,'Bandeja escritorio 64x40 Piel Marron'),(178,3,'Plateau de bureau 64x40 Peau Brun'),(178,4,'Desktop tray 64x40 Leather Brown'),(178,5,'Desktop Tray 64x40 Pelle Marrone'),(178,6,'Bandeja de mesa 64x40 Pele Marrom'),(179,2,'Papelera cuadrado 23x23x30 Piel Marron'),(179,3,'Trash place 23x23x30 Peau Brun'),(179,4,'Square Trash 23x23x30 Leather Brown'),(179,5,'Trash Piazza 23x23x30 Pelle Marrone'),(179,6,'Trash Praça 23x23x30 Pele Marrom'),(180,2,'Figura 29x28x2 Metal Oxido'),(180,3,'Figure 29x28x2 Métal Oxyde'),(180,4,'Figure 29x28x2 Metal Oxide'),(180,5,'Figura 29x28x2 Metallo Ossido'),(180,6,'Figura 29x28x2 Metal Óxido'),(181,2,'Cenicero 8x4 Metal Oro'),(181,3,'Cendrier 8x4 Métal Or'),(181,4,'Ashtray 8x4 Metal Gold'),(181,5,'Posacenere 8x4 Metallo Oro'),(181,6,'Cinzeiro 8x4 Metal Ouro'),(182,2,'Portafotos 10x15 Laca Negro'),(182,3,'Portafotos 10x15 Laque Noir'),(182,4,'Portafotos 10x15 Lacquer Black'),(182,5,'Portafotos 10x15 Lacca Nero'),(182,6,'Portafotos 10x15 Laca Preto'),(183,2,'Portafotos 13x13 Metal Plateado'),(183,3,'Portafotos 13x13 Métal Argent'),(183,4,'Portafotos 13x13 Metal Silver'),(183,5,'Portafotos 13x13 Metallo Argento'),(183,6,'Portafotos 13x13 Metal Prata'),(184,2,'Portafotos 10x15 Madera Oro'),(184,3,'Portafotos 10x15 Bois Or'),(184,4,'Portafotos 10x15 Wood Gold'),(184,5,'Portafotos 10x15 Legno Oro'),(184,6,'Portafotos 10x15 Madeira Ouro'),(185,2,'Portafotos 10x15 Piel Marron'),(185,3,'Portafotos 10x15 Peau Brun'),(185,4,'Portafotos 10x15 Leather Brown'),(185,5,'Portafotos 10x15 Pelle Marrone'),(185,6,'Portafotos 10x15 Pele Marrom'),(186,2,'Portafotos 10x15 Resina Oro'),(186,3,'Portafotos 10x15 Résine Or'),(186,4,'Portafotos 10x15 Resin Gold'),(186,5,'Portafotos 10x15 Resina Oro'),(186,6,'Portafotos 10x15 Resina Ouro'),(187,2,'Portafotos 15x20 Madera/Metal Marron'),(187,3,'Portafotos 15x20 Bois/Métal Brun'),(187,4,'Portafotos 15x20 Wood/Metal Brown'),(187,5,'Portafotos 15x20 Legno/metallo Marrone'),(187,6,'Portafotos 15x20 Madeira/Metal Marrom'),(188,2,'Portafotos 15x20 Piel Wenge'),(188,3,'Portafotos 15x20 Peau Wenge'),(188,4,'Portafotos 15x20 Leather Wenge'),(188,5,'Portafotos 15x20 Pelle Wenge'),(188,6,'Portafotos 15x20 Pele Wenge'),(189,2,'Florero 23x42 Ceramica Rojo'),(189,3,'Vase 23x42 Céramique Rouge'),(189,4,'Vase 23x42 Ceramic Red'),(189,5,'Vaso 23x42 Ceramica Rosso'),(189,6,'Vaso 23x42 Cerâmico Vermelho'),(190,2,'Florero 6x28 Cristal NA'),(190,3,'Vase 6x28 Verre NA'),(190,4,'Vase 6x28 Glass NA'),(190,5,'Vaso 6x28 Vetro NA'),(190,6,'Vaso 6x28 Vidro NA'),(191,2,'Florero 13x10x26  Cristal NA'),(191,3,'Vase 13x10x26  Verre NA'),(191,4,'Vase 13x10x26  Glass NA'),(191,5,'Vaso 13x10x26  Vetro NA'),(191,6,'Vaso 13x10x26  Vidro NA'),(192,2,'Florero 7x30 Cristal NA'),(192,3,'Vase 7x30 Verre NA'),(192,4,'Vase 7x30 Glass NA'),(192,5,'Vaso 7x30 Vetro NA'),(192,6,'Vaso 7x30 Vidro NA'),(193,2,'Florero 26x29 Cristal Blanco'),(193,3,'Vase 26x29 Verre Cible'),(193,4,'Vase 26x29 Glass Target'),(193,5,'Vaso 26x29 Vetro Obiettivo'),(193,6,'Vaso 26x29 Vidro Alvo'),(194,2,'Florero 26x12 Cristal Beige'),(194,3,'Vase 26x12 Verre Beige'),(194,4,'Vase 26x12 Glass Beige'),(194,5,'Vaso 26x12 Vetro Beige'),(194,6,'Vaso 26x12 Vidro Bege'),(195,2,'Florero 21x95 Cristal NA'),(195,3,'Vase 21x95 Verre NA'),(195,4,'Vase 21x95 Glass NA'),(195,5,'Vaso 21x95 Vetro NA'),(195,6,'Vaso 21x95 Vidro NA'),(196,2,'Florero 30x50 Cristal NA'),(196,3,'Vase 30x50 Verre NA'),(196,4,'Vase 30x50 Glass NA'),(196,5,'Vaso 30x50 Vetro NA'),(196,6,'Vaso 30x50 Vidro NA'),(197,2,'Florero 18x13x18 Cristal NA'),(197,3,'Vase 18x13x18 Verre NA'),(197,4,'Vase 18x13x18 Glass NA'),(197,5,'Vaso 18x13x18 Vetro NA'),(197,6,'Vaso 18x13x18 Vidro NA'),(198,2,'Florero 17x35 Cristal NA'),(198,3,'Vase 17x35 Verre NA'),(198,4,'Vase 17x35 Glass NA'),(198,5,'Vaso 17x35 Vetro NA'),(198,6,'Vaso 17x35 Vidro NA'),(199,2,'Bandeja 30x50 Sintetico Rojo'),(199,3,'Plateau 30x50 Synthétique Rouge'),(199,4,'Tray 30x50 Synthetic Red'),(199,5,'Vassoio 30x50 Sintetico Rosso'),(199,6,'Bandeja 30x50 Sintético Vermelho'),(200,2,'Set/2 bowls 50x12 Bambu Crema'),(200,3,'Set/2 bols 50x12 Bambu Crème'),(200,4,'Set/2 bowls 50x12 Bambu Cream'),(200,5,'Set/2 ciotole 50x12 Bambu Crema'),(200,6,'Set/2 tigelas 50x12 Bambu Creme'),(201,2,'Set/2 bandejas 40x40x5 Banana Marron'),(201,3,'Set/2 plateaux 40x40x5 Banane Brun'),(201,4,'Set/2 trays 40x40x5 Banana Brown'),(201,5,'Set/2 vassoi 40x40x5 Banana Marrone'),(201,6,'Set/2 bandejas 40x40x5 Banana Marrom'),(202,2,'Set/2 bandejas 40x30x4 Banana/Metal Amarillo'),(202,3,'Set/2 plateaux 40x30x4 Banane/Métal Jaune'),(202,4,'Set/2 trays 40x30x4 Banana/Metal Yellow'),(202,5,'Set/2 vassoi 40x30x4 Banana/Metal Giallo'),(202,6,'Set/2 bandejas 40x30x4 Banana/Metal Amarelo'),(203,2,'Centro 32x27 Cristal NA'),(203,3,'Centre 32x27 Verre NA'),(203,4,'Center 32x27 Glass NA'),(203,5,'Centro 32x27 Vetro NA'),(203,6,'Centro 32x27 Vidro NA'),(204,2,'Centro 61x16 Niquel Plateado'),(204,3,'Centre 61x16 Nickel Argent'),(204,4,'Center 61x16 Nickel Silver'),(204,5,'Centro 61x16 Nichel Argento'),(204,6,'Centro 61x16 Níquel Prata'),(205,2,'Centro 23x11x16 Cristal NA'),(205,3,'Centre 23x11x16 Verre NA'),(205,4,'Center 23x11x16 Glass NA'),(205,5,'Centro 23x11x16 Vetro NA'),(205,6,'Centro 23x11x16 Vidro NA'),(206,2,'Bowl 44x10 Laca Rojo'),(206,3,'Bol 44x10 Laque Rouge'),(206,4,'Bowl 44x10 Lacquer Red'),(206,5,'Ciotola 44x10 Lacca Rosso'),(206,6,'Bacia 44x10 Laca Vermelho'),(207,2,'Bandeja 32x32 Niquel Plateado'),(207,3,'Plateau 32x32 Nickel Argent'),(207,4,'Tray 32x32 Nickel Silver'),(207,5,'Vassoio 32x32 Nichel Argento'),(207,6,'Bandeja 32x32 Níquel Prata'),(208,2,'Caja estuche 35x26x13 Coco Marron'),(208,3,'Case Box 35x26x13 Noix de coco Brun'),(208,4,'Box case 35x26x13 Coconut Brown'),(208,5,'Box Caso 35x26x13 Noce di cocco Marrone'),(208,6,'Caso Box 35x26x13 Coco Marrom'),(209,2,'Caja estuche 35x17x13 Coco Cerezo'),(209,3,'Case Box 35x17x13 Noix de coco Cerise'),(209,4,'Box case 35x17x13 Coconut Cherry'),(209,5,'Box Caso 35x17x13 Noce di cocco Ciliegia'),(209,6,'Caso Box 35x17x13 Coco Cereja'),(210,2,'Caja flor de lis 23x16x6 Sintetico Marron'),(210,3,'Boîte Lily 23x16x6 Synthétique Brun'),(210,4,'Lily Box 23x16x6 Synthetic Brown'),(210,5,'Lily Box 23x16x6 Sintetico Marrone'),(210,6,'Caixa de Lily 23x16x6 Sintético Marrom'),(211,2,'Caja libro 30x22x8 Piel Negro'),(211,3,'Livre de caisse 30x22x8 Peau Noir'),(211,4,'Cash book 30x22x8 Leather Black'),(211,5,'Libro di cassa 30x22x8 Pelle Nero'),(211,6,'Livro caixa 30x22x8 Pele Preto'),(212,2,'Cesto ropa 37x70 Banana/Metal Wenge'),(212,3,'Panier à linge 37x70 Banane/Métal Wenge'),(212,4,'Clothes basket 37x70 Banana/Metal Wenge'),(212,5,'Abbigliamento carrello 37x70 Banana/Metal Wenge'),(212,6,'Cesto de roupas 37x70 Banana/Metal Wenge'),(213,2,'Revistero 46x25x32 Banana/Metal Marron'),(213,3,'Magazine 46x25x32 Banane/Métal Brun'),(213,4,'Magazine 46x25x32 Banana/Metal Brown'),(213,5,'Rivista 46x25x32 Banana/Metal Marrone'),(213,6,'Revista 46x25x32 Banana/Metal Marrom'),(214,2,'Bola 12 cm Piedra Marron'),(214,3,'Balle 12 cm Pierre Brun'),(214,4,'Ball 12 cm Stone Brown'),(214,5,'Palla 12 cm Pietra Marrone'),(214,6,'Bola 12 cm Pedra Marrom'),(215,2,'Bola 8 cm Coco Wenge'),(215,3,'Balle 8 cm Noix de coco Wenge'),(215,4,'Ball 8 cm Coconut Wenge'),(215,5,'Palla 8 cm Noce di cocco Wenge'),(215,6,'Bola 8 cm Coco Wenge'),(216,2,'Bola 13 cm Coco Wenge'),(216,3,'Balle 13 cm Noix de coco Wenge'),(216,4,'Ball 13 cm Coconut Wenge'),(216,5,'Palla 13 cm Noce di cocco Wenge'),(216,6,'Bola 13 cm Coco Wenge'),(217,2,'Sujetabolas 6x3  Madera Marron'),(217,3,'Sujetabolas 6x3  Bois Brun'),(217,4,'Sujetabolas 6x3  Wood Brown'),(217,5,'Sujetabolas 6x3  Legno Marrone'),(217,6,'Sujetabolas 6x3  Madeira Marrom'),(218,2,'Sujetabolas 5 cm Metal Antik'),(218,3,'Sujetabolas 5 cm Métal Antik'),(218,4,'Sujetabolas 5 cm Metal Antik'),(218,5,'Sujetabolas 5 cm Metallo Antik'),(218,6,'Sujetabolas 5 cm Metal Antik'),(219,2,'Sujetabolas 6 cm Metal Antik'),(219,3,'Sujetabolas 6 cm Métal Antik'),(219,4,'Sujetabolas 6 cm Metal Antik'),(219,5,'Sujetabolas 6 cm Metallo Antik'),(219,6,'Sujetabolas 6 cm Metal Antik'),(220,2,'Figura 44x30x50 Bronce Oxido'),(220,3,'Figure 44x30x50 Bronze Oxyde'),(220,4,'Figure 44x30x50 Bronze Oxide'),(220,5,'Figura 44x30x50 Bronzo Ossido'),(220,6,'Figura 44x30x50 bronze Óxido'),(221,2,'Set/2 figuras 26x19x30 Madera Arena'),(221,3,'Set/2 chiffres 26x19x30 Bois Sable'),(221,4,'Set/2 figures 26x19x30 Wood Sand'),(221,5,'Set/2 cifre 26x19x30 Legno Sabbia'),(221,6,'Set/2 figuras 26x19x30 Madeira Areia'),(222,2,'Mano buda  28x10x10 Madera Marron'),(222,3,'Main de Bouddha  28x10x10 Bois Brun'),(222,4,'Buddha hand  28x10x10 Wood Brown'),(222,5,'Buddha mano  28x10x10 Legno Marrone'),(222,6,'Mão de Buda  28x10x10 Madeira Marrom'),(223,2,'Figura 12x9x26 Metal Oxido'),(223,3,'Figure 12x9x26 Métal Oxyde'),(223,4,'Figure 12x9x26 Metal Oxide'),(223,5,'Figura 12x9x26 Metallo Ossido'),(223,6,'Figura 12x9x26 Metal Óxido'),(224,2,'Servilletero 6x3 Bambu Blanco'),(224,3,'Rond de serviette 6x3 Bambu Cible'),(224,4,'Napkin ring 6x3 Bambu Target'),(224,5,'Anello per tovagliolo 6x3 Bambu Obiettivo'),(224,6,'Anel de guardanapo 6x3 Bambu Alvo'),(225,2,'Abridor 14 cm Niquel/Nacar Plateado'),(225,3,'Ouvreur 14 cm Nickel/Nacar Argent'),(225,4,'Opener 14 cm Nickel/Nacar Silver'),(225,5,'Opener 14 cm Nickel/Nacar Argento'),(225,6,'Abridor 14 cm Níquel/Nacar Prata'),(226,2,'Vaso 9x10 Cristal Rojo'),(226,3,'Verre 9x10 Verre Rouge'),(226,4,'Glass 9x10 Glass Red'),(226,5,'Vetro 9x10 Vetro Rosso'),(226,6,'Vidro 9x10 Vidro Vermelho'),(227,2,'Servilletero 7x5 Nacar Beige'),(227,3,'Rond de serviette 7x5 Nacar Beige'),(227,4,'Napkin ring 7x5 Nacar Beige'),(227,5,'Anello per tovagliolo 7x5 Nacar Beige'),(227,6,'Anel de guardanapo 7x5 Nacar Bege'),(228,2,'Posacafetera 21x21 Rattan Marron'),(228,3,'Posacafetera 21x21 Rotin Brun'),(228,4,'Posacafetera 21x21 Rattan Brown'),(228,5,'Posacafetera 21x21 Rattan Marrone'),(228,6,'Posacafetera 21x21 Vime Marrom'),(229,2,'Decantador 20x29 Cristal NA'),(229,3,'Carafe 20x29 Verre NA'),(229,4,'Decanter 20x29 Glass NA'),(229,5,'Caraffa 20x29 Vetro NA'),(229,6,'Decanter 20x29 Vidro NA');
/*!40000 ALTER TABLE `ARTICULOS_DESCRIP` ENABLE KEYS */;
UNLOCK TABLES;

--
-- Table structure for table `MOBILE_VERSION_CLIENTES`
--

DROP TABLE IF EXISTS `MOBILE_VERSION_CLIENTES`;
/*!40101 SET @saved_cs_client     = @@character_set_client */;
/*!40101 SET character_set_client = utf8 */;
CREATE TABLE `MOBILE_VERSION_CLIENTES` (
  `usuario` varchar(20) CHARACTER SET latin1 COLLATE latin1_bin NOT NULL,
  `mobile_id` decimal(22,0) NOT NULL,
  `version` decimal(22,0) NOT NULL,
  `fecha` datetime DEFAULT NULL,
  `id_idioma` int(10) unsigned DEFAULT NULL,
  PRIMARY KEY (`usuario`,`mobile_id`,`version`)
) ENGINE=InnoDB DEFAULT CHARSET=latin1;
/*!40101 SET character_set_client = @saved_cs_client */;

--
-- Dumping data for table `MOBILE_VERSION_CLIENTES`
--

LOCK TABLES `MOBILE_VERSION_CLIENTES` WRITE;
/*!40000 ALTER TABLE `MOBILE_VERSION_CLIENTES` DISABLE KEYS */;
INSERT INTO `MOBILE_VERSION_CLIENTES` VALUES ('24846401F','30146','1','2012-04-24 10:37:27',0),('24846401F','63548','1','2012-04-24 17:33:46',0),('24846401F','78302','1','2012-04-25 21:18:52',0),('A123456','40268','1','2012-06-03 11:08:28',0),('A123456','41610','1','2012-06-03 11:23:52',2),('A123456','62419','1','2012-05-30 17:07:03',0),('A123456','63976','1','2012-05-30 17:33:14',0),('A123456','64393','1','2012-05-31 09:52:41',0),('A123456','70220','1','2012-05-29 19:17:54',0),('A123456','70432','1','2012-05-29 19:19:55',0),('A123456','71027','1','2012-05-29 19:28:26',0),('A123456','71039','1','2012-05-29 19:38:04',0),('A123456','72523','1','2012-05-29 20:04:40',0),('A123456','72747','1','2012-06-01 20:43:09',0),('A123456','73351','1','2012-05-29 20:16:24',0),('A123456','73414','1','2012-05-29 20:21:09',0),('A123456','76203','1','2012-06-02 21:03:59',0),('A123456','76260','1','2012-06-02 21:06:21',0),('A123456','76778','1','2012-05-30 21:15:03',0),('A123456','76956','1','2012-05-30 21:19:50',0),('A123456','77130','1','2012-06-02 21:09:16',0),('A123456','85384','1','2012-06-01 23:35:51',0),('A123456','85691','1','2012-06-01 23:38:50',0),('A123456','85761','1','2012-06-01 23:44:14',0),('A123456','85971','1','2012-06-01 23:48:33',0),('A123456','86299','1','2012-06-01 23:44:52',0),('A123456','86530','1','2012-06-01 23:47:58',0),('a123456','62073','1','2012-05-31 17:04:30',0),('a123456','67041','1','2012-05-31 18:28:56',0);
/*!40000 ALTER TABLE `MOBILE_VERSION_CLIENTES` ENABLE KEYS */;
UNLOCK TABLES;

--
-- Table structure for table `FACTURAS`
--

DROP TABLE IF EXISTS `FACTURAS`;
/*!40101 SET @saved_cs_client     = @@character_set_client */;
/*!40101 SET character_set_client = utf8 */;
CREATE TABLE `FACTURAS` (
  `factura_num` varchar(20) CHARACTER SET latin1 COLLATE latin1_bin NOT NULL,
  `numcliente` bigint(15) DEFAULT NULL,
  `fecha` datetime DEFAULT NULL,
  `id_albaran` bigint(15) DEFAULT NULL,
  `nombrecliente` varchar(100) CHARACTER SET latin1 COLLATE latin1_bin DEFAULT NULL,
  `cif` varchar(30) CHARACTER SET latin1 COLLATE latin1_bin DEFAULT NULL,
  `estado` varchar(20) CHARACTER SET latin1 COLLATE latin1_bin DEFAULT NULL,
  `imp_inicial` decimal(15,2) DEFAULT NULL,
  `imp_pendiente` decimal(15,2) DEFAULT NULL,
  `imp_original` decimal(15,2) DEFAULT NULL,
  `cond_pago` varchar(80) CHARACTER SET latin1 COLLATE latin1_bin DEFAULT NULL,
  `forma_pago` varchar(300) CHARACTER SET latin1 COLLATE latin1_bin DEFAULT NULL,
  `fact_devolucion` varchar(20) CHARACTER SET latin1 COLLATE latin1_bin DEFAULT NULL,
  `clase` varchar(20) CHARACTER SET latin1 COLLATE latin1_bin DEFAULT NULL,
  `anyo` bigint(15) DEFAULT NULL,
  `fechavencimiento` datetime DEFAULT NULL,
  PRIMARY KEY (`factura_num`)
) ENGINE=InnoDB DEFAULT CHARSET=latin1;
/*!40101 SET character_set_client = @saved_cs_client */;

--
-- Dumping data for table `FACTURAS`
--

LOCK TABLES `FACTURAS` WRITE;
/*!40000 ALTER TABLE `FACTURAS` DISABLE KEYS */;
/*!40000 ALTER TABLE `FACTURAS` ENABLE KEYS */;
UNLOCK TABLES;

--
-- Table structure for table `IVA`
--

DROP TABLE IF EXISTS `IVA`;
/*!40101 SET @saved_cs_client     = @@character_set_client */;
/*!40101 SET character_set_client = utf8 */;
CREATE TABLE `IVA` (
  `id_IVA` varchar(30) CHARACTER SET latin1 COLLATE latin1_bin NOT NULL,
  `nombre` varchar(80) CHARACTER SET latin1 COLLATE latin1_bin NOT NULL,
  `porc_IVA` decimal(22,0) NOT NULL,
  `porc_rep` decimal(22,0) NOT NULL,
  PRIMARY KEY (`id_IVA`)
) ENGINE=InnoDB DEFAULT CHARSET=latin1;
/*!40101 SET character_set_client = @saved_cs_client */;

--
-- Dumping data for table `IVA`
--

LOCK TABLES `IVA` WRITE;
/*!40000 ALTER TABLE `IVA` DISABLE KEYS */;
INSERT INTO `IVA` VALUES ('EXCENTO','IVA EXCENTO','0','0'),('IVA 18%','IVA 18%','18','0'),('IVA 18% + REC','IVA 18% + REC 4%','18','4'),('REC 4%','RECARGO EQUIVALENCIA 4%','4','0');
/*!40000 ALTER TABLE `IVA` ENABLE KEYS */;
UNLOCK TABLES;

--
-- Table structure for table `TRANSPORTE`
--

DROP TABLE IF EXISTS `TRANSPORTE`;
/*!40101 SET @saved_cs_client     = @@character_set_client */;
/*!40101 SET character_set_client = utf8 */;
CREATE TABLE `TRANSPORTE` (
  `id_pais` int(10) unsigned NOT NULL,
  `id_provincia` int(11) NOT NULL,
  `importe_minimo` decimal(15,2) NOT NULL,
  `item_id` bigint(15) NOT NULL,
  `item_code` varchar(30) CHARACTER SET latin1 COLLATE latin1_bin NOT NULL,
  `item_descrip` varchar(100) CHARACTER SET latin1 COLLATE latin1_bin NOT NULL,
  `importe` decimal(15,2) NOT NULL,
  PRIMARY KEY (`id_pais`,`id_provincia`),
  KEY `TRANSPORTE_PAISES_fk1` (`id_pais`),
  KEY `fk_TRANSPORTE_1` (`id_pais`),
  CONSTRAINT `fk_TRANSPORTE_1` FOREIGN KEY (`id_pais`) REFERENCES `APPEX_PAISES` (`ID_PAIS`) ON DELETE CASCADE ON UPDATE CASCADE
) ENGINE=InnoDB DEFAULT CHARSET=latin1;
/*!40101 SET character_set_client = @saved_cs_client */;

--
-- Dumping data for table `TRANSPORTE`
--

LOCK TABLES `TRANSPORTE` WRITE;
/*!40000 ALTER TABLE `TRANSPORTE` DISABLE KEYS */;
INSERT INTO `TRANSPORTE` VALUES (72,0,'300.00',128649,'NA','TRANSPORTE NACIONAL','35.00'),(72,7,'300.00',296239,'NA','TRANSPORTE BALEARES','35.00'),(72,35,'300.00',296238,'NA','TRANSPORTE CANARIAS','35.00'),(72,38,'300.00',296238,'NA','TRANSPORTE CANARIAS','35.00'),(79,0,'1000.00',296240,'NA','TRANSPORTE FRANCIA','120.00'),(115,0,'1000.00',320705,'NA','TRANSPORTE ITALIA','130.00'),(189,0,'700.00',296241,'NA','TRANSPORTE PORTUGAL','35.00');
/*!40000 ALTER TABLE `TRANSPORTE` ENABLE KEYS */;
UNLOCK TABLES;

--
-- Table structure for table `APPBS_USUARIOS_LOG_LEGEND`
--

DROP TABLE IF EXISTS `APPBS_USUARIOS_LOG_LEGEND`;
/*!40101 SET @saved_cs_client     = @@character_set_client */;
/*!40101 SET character_set_client = utf8 */;
CREATE TABLE `APPBS_USUARIOS_LOG_LEGEND` (
  `ID_TIPO` int(11) NOT NULL COMMENT 'Id. del tipo',
  `NOMBRE` varchar(45) NOT NULL COMMENT 'Nombre del tipo',
  `TEXTO` varchar(200) NOT NULL COMMENT 'Texto descriptivo',
  PRIMARY KEY (`ID_TIPO`)
) ENGINE=InnoDB DEFAULT CHARSET=utf8 COMMENT='Lista con la leyenda del Log';
/*!40101 SET character_set_client = @saved_cs_client */;

--
-- Dumping data for table `APPBS_USUARIOS_LOG_LEGEND`
--

LOCK TABLES `APPBS_USUARIOS_LOG_LEGEND` WRITE;
/*!40000 ALTER TABLE `APPBS_USUARIOS_LOG_LEGEND` DISABLE KEYS */;
INSERT INTO `APPBS_USUARIOS_LOG_LEGEND` VALUES (1,'Error genérico','ERROR: $1'),(10,'Error de actualización','Error actualizando la tabla: $1'),(11,'Error de borrado','Error borrando la tabla: $1'),(12,'Error de consulta','Error consultado la tabla: $1'),(100,'Actualización de datos','Actualizando registro en $1'),(101,'Borrado de datos','Borrando registro en $1'),(102,'Consulta de datos','Consultando la tabla $1'),(250,'Email plantilla incorrecta','No se encuentra la plantilla de email: $1'),(251,'Email enviado','Email para: $1, asunto $2'),(252,'Email error de envío','Error al enviar email a $1, asunto $2'),(300,'Inicio de sesión','El usuario se ha conectado'),(301,'Cierre de sessión','El usuario se ha desconectado'),(500,'Direcciones - Cargar ','Carga la dirección: $1, Tabla: $2'),(501,'Direcciones - Modificar','Modifica la dirección: $1, Tabla: $2, Operación: $3'),(510,'Cuenta bancaria - Cargar','Carga la cuenta bancaria: $1, Tabla: $2'),(511,'Cuenta bancaria - Modificar','Modifica la cuenta bancaria: $1, Tabla: $2, Operación: $3'),(520,'IVA - Listar','Lista el I.V.A'),(521,'IVA - Modificar','Modifica el I.V.A.: $1, Operación: $2'),(530,'Contactos - Cargar','Carga el contacto: $1, Tabla: $2'),(531,'Contactos - Modificar','Modifica el contacto: $1, Operación: $2, Tabla: $3'),(1200,'Login - Enter','El usuario: $1 - $2 ha entrado correctamente');
/*!40000 ALTER TABLE `APPBS_USUARIOS_LOG_LEGEND` ENABLE KEYS */;
UNLOCK TABLES;

--
-- Table structure for table `SUBFAMILIAS`
--

DROP TABLE IF EXISTS `SUBFAMILIAS`;
/*!40101 SET @saved_cs_client     = @@character_set_client */;
/*!40101 SET character_set_client = utf8 */;
CREATE TABLE `SUBFAMILIAS` (
  `id_familia` varchar(30) CHARACTER SET latin1 COLLATE latin1_bin NOT NULL,
  `id_subfamilia` varchar(30) CHARACTER SET latin1 COLLATE latin1_bin NOT NULL,
  `id_idioma` int(10) unsigned NOT NULL,
  `nombre` varchar(50) CHARACTER SET latin1 COLLATE latin1_bin NOT NULL,
  PRIMARY KEY (`id_familia`,`id_subfamilia`,`id_idioma`),
  KEY `SUBFAMILIAS_FAMILIAS_fk1` (`id_familia`,`id_idioma`),
  KEY `fk_SUBFAMILIAS_1` (`id_familia`,`id_idioma`),
  CONSTRAINT `fk_SUBFAMILIAS_1` FOREIGN KEY (`id_familia`, `id_idioma`) REFERENCES `FAMILIAS` (`id_familia`, `id_idioma`) ON DELETE CASCADE ON UPDATE CASCADE
) ENGINE=InnoDB DEFAULT CHARSET=latin1;
/*!40101 SET character_set_client = @saved_cs_client */;

--
-- Dumping data for table `SUBFAMILIAS`
--

LOCK TABLES `SUBFAMILIAS` WRITE;
/*!40000 ALTER TABLE `SUBFAMILIAS` DISABLE KEYS */;
INSERT INTO `SUBFAMILIAS` VALUES ('001','102',2,'Articulos de Escritorio'),('001','102',3,'Articles de bureau'),('001','102',4,'Articles Desktop'),('001','102',5,'Articoli Desktop'),('001','102',6,'Artigos desktop'),('001','103',2,'Bolas/Sujetabolas'),('001','103',3,'Ball / Sujetabolas'),('001','103',4,'Ball / Sujetabolas'),('001','103',5,'Ball / Sujetabolas'),('001','103',6,'Ball / Sujetabolas'),('001','104',2,'Cajas/Paragüero/Revistero'),('001','104',3,'Boîtes / Umbrella / Magazine'),('001','104',4,'Boxes / Umbrella / Magazine'),('001','104',5,'Scatole / Umbrella / Magazine'),('001','104',6,'Caixas / Umbrella  / Revista'),('001','105',2,'Centros de Mesa/Bowls'),('001','105',3,'Centres de / Bowling'),('001','105',4,'Centerpieces / Bowls'),('001','105',5,'Centrotavola / Bocce'),('001','105',6,'Centerpieces / Bowls'),('001','106',2,'Figuras'),('001','106',3,'Les chiffres'),('001','106',4,'Figures'),('001','106',5,'Figure'),('001','106',6,'Figuras'),('001','107',2,'Floreros/Copas Decorativas'),('001','107',3,'Vase / décoratif Coupes'),('001','107',4,'Vase / Decorative Cups'),('001','107',5,'Vaso / Decorative Cups'),('001','107',6,'Vaso / decorativa Copas'),('001','108',2,'Portafotos'),('001','108',3,'Portafotos'),('001','108',4,'Picture'),('001','108',5,'Portafotos'),('001','108',6,'Portafotos'),('001','109',2,'Servicio de Mesa'),('001','109',3,'Vaisselle'),('001','109',4,'Tableware'),('001','109',5,'Vasellame'),('001','109',6,'Talheres'),('002','201',2,'Cuadros'),('002','201',3,'Tableaux'),('002','201',4,'Tables'),('002','201',5,'Tabelle'),('002','201',6,'Tabelas'),('002','202',2,'Espejos'),('002','202',3,'Miroirs'),('002','202',4,'Mirrors'),('002','202',5,'Specchi'),('002','202',6,'Espelhos'),('003','301',2,'Lamparas de Pie'),('003','301',3,'Lampes à pied'),('003','301',4,'Foot Lamps'),('003','301',5,'Lampade del piede'),('003','301',6,'Lâmpadas Pé'),('003','302',2,'Lamparas de Sobremesa'),('003','302',3,'Lampes de bureau'),('003','302',4,'Desktop Lamps'),('003','302',5,'Lampade desktop'),('003','302',6,'Lâmpadas de mesa'),('003','303',2,'Lamparas de Suspension'),('003','303',3,'Lampes Suspension'),('003','303',4,'Suspension Lamps'),('003','303',5,'Sospensione Lampade'),('003','303',6,'Lâmpadas de suspensão'),('003','304',2,'Pantalla'),('003','304',3,'Écran'),('003','304',4,'Screen'),('003','304',5,'Schermo'),('003','304',6,'Tela'),('004','401',2,'Consolas'),('004','401',3,'Consoles'),('004','401',4,'Consoles'),('004','401',5,'Console'),('004','401',6,'Consoles'),('004','402',2,'Mesas Auxiliares'),('004','402',3,'Tables auxiliaires'),('004','402',4,'Auxiliary tables'),('004','402',5,'Tabelle ausiliari'),('004','402',6,'Tabelas Auxiliares'),('004','403',2,'Mesitas de noche'),('004','403',3,'Tables de chevet'),('004','403',4,'Bedside tables'),('004','403',5,'Comodini'),('004','403',6,'Mesas de cabeceira'),('004','404',2,'Perchero/Galan de Noche'),('004','404',3,'Porte-manteau / valet'),('004','404',4,'Coat rack / valet'),('004','404',5,'Appendiabiti / cameriere'),('004','404',6,'Brasão rack / Manobrista'),('004','405',2,'Sillas'),('004','405',3,'Chaises'),('004','405',4,'Chairs'),('004','405',5,'Sedie'),('004','405',6,'Cadeiras'),('004','406',2,'Sillones/Reposapies/Tumbonas'),('004','406',3,'Chaises / Repose-pieds ou Chaises longues'),('004','406',4,'Chairs / Footrests / Loungers'),('004','406',5,'Sedie / Pedane / sdraio'),('004','406',6,'Cadeiras / Apoios de pés / Loungers');
/*!40000 ALTER TABLE `SUBFAMILIAS` ENABLE KEYS */;
UNLOCK TABLES;

--
-- Table structure for table `PEDIDOS_ORACLE_LINEAS`
--

DROP TABLE IF EXISTS `PEDIDOS_ORACLE_LINEAS`;
/*!40101 SET @saved_cs_client     = @@character_set_client */;
/*!40101 SET character_set_client = utf8 */;
CREATE TABLE `PEDIDOS_ORACLE_LINEAS` (
  `id_pedido` bigint(15) NOT NULL,
  `linea_num` bigint(15) NOT NULL,
  `item_id` bigint(15) DEFAULT NULL,
  `cantidad` bigint(15) DEFAULT NULL,
  `precio` decimal(15,2) DEFAULT NULL,
  `cant_servida` bigint(15) DEFAULT NULL,
  `cant_prox_envio` bigint(15) DEFAULT NULL,
  `fecha_ult_envio` datetime DEFAULT NULL,
  `fecha_prox_envio` datetime DEFAULT NULL,
  `ped_linea` bigint(15) DEFAULT NULL,
  PRIMARY KEY (`id_pedido`,`linea_num`),
  UNIQUE KEY `PEDIDOS_ORACLE_LINEAS_uk1` (`linea_num`),
  KEY `PEDIDOS_ORACLE_LINEAS_art_fk1` (`item_id`),
  CONSTRAINT `PEDIDOS_ORACLE_LINEAS_art_fk1` FOREIGN KEY (`item_id`) REFERENCES `ARTICULOS` (`item_id`) ON DELETE NO ACTION ON UPDATE NO ACTION,
  CONSTRAINT `PEDIDOS_ORACLE_LINEAS_ped_fk1` FOREIGN KEY (`id_pedido`) REFERENCES `PEDIDOS_ORACLE` (`id_pedido`) ON DELETE NO ACTION ON UPDATE NO ACTION
) ENGINE=InnoDB DEFAULT CHARSET=latin1;
/*!40101 SET character_set_client = @saved_cs_client */;

--
-- Dumping data for table `PEDIDOS_ORACLE_LINEAS`
--

LOCK TABLES `PEDIDOS_ORACLE_LINEAS` WRITE;
/*!40000 ALTER TABLE `PEDIDOS_ORACLE_LINEAS` DISABLE KEYS */;
/*!40000 ALTER TABLE `PEDIDOS_ORACLE_LINEAS` ENABLE KEYS */;
UNLOCK TABLES;

--
-- Table structure for table `APPBS_PARAMETROS_VALORES`
--

DROP TABLE IF EXISTS `APPBS_PARAMETROS_VALORES`;
/*!40101 SET @saved_cs_client     = @@character_set_client */;
/*!40101 SET character_set_client = utf8 */;
CREATE TABLE `APPBS_PARAMETROS_VALORES` (
  `ID_APLICACION` varchar(10) NOT NULL COMMENT 'Codigo de la aplicacion',
  `ID_PARAMETRO` varchar(40) NOT NULL COMMENT 'Codigo del parametro',
  `ID_VALOR` int(11) NOT NULL COMMENT 'Id. del valor',
  `NOMBRE` varchar(45) DEFAULT NULL COMMENT 'Nombre del valor',
  PRIMARY KEY (`ID_APLICACION`,`ID_PARAMETRO`,`ID_VALOR`),
  KEY `FK_PARAMETROS_VALORES_1` (`ID_APLICACION`,`ID_PARAMETRO`),
  CONSTRAINT `fk_APPBS_PARAMETROS_VALORES_1` FOREIGN KEY (`ID_APLICACION`) REFERENCES `APPBS_PARAMETROS` (`ID_APLICACION`) ON DELETE CASCADE ON UPDATE CASCADE
) ENGINE=InnoDB DEFAULT CHARSET=utf8 COMMENT='Valores de los parametros';
/*!40101 SET character_set_client = @saved_cs_client */;

--
-- Dumping data for table `APPBS_PARAMETROS_VALORES`
--

LOCK TABLES `APPBS_PARAMETROS_VALORES` WRITE;
/*!40000 ALTER TABLE `APPBS_PARAMETROS_VALORES` DISABLE KEYS */;
INSERT INTO `APPBS_PARAMETROS_VALORES` VALUES ('DEMO','PASSWORD_CHECK',0,'Ninguno'),('DEMO','PASSWORD_CHECK',1,'Bajo'),('DEMO','PASSWORD_CHECK',2,'Medio'),('DEMO','PASSWORD_CHECK',3,'Alto'),('DEMO','PASSWORD_CHECK',4,'Muy Alto'),('DEMO','PASSWORD_USER',1,'Sí'),('DEMO','PASSWORD_USER',2,'No');
/*!40000 ALTER TABLE `APPBS_PARAMETROS_VALORES` ENABLE KEYS */;
UNLOCK TABLES;

--
-- Table structure for table `MODIFICADORES_COMERCIALES`
--

DROP TABLE IF EXISTS `MODIFICADORES_COMERCIALES`;
/*!40101 SET @saved_cs_client     = @@character_set_client */;
/*!40101 SET character_set_client = utf8 */;
CREATE TABLE `MODIFICADORES_COMERCIALES` (
  `id_modificador` bigint(15) NOT NULL,
  `id_cliente` bigint(15) NOT NULL,
  `id_moneda` varchar(10) CHARACTER SET latin1 COLLATE latin1_bin NOT NULL,
  `nombre` varchar(240) CHARACTER SET latin1 COLLATE latin1_bin NOT NULL,
  `comentarios` varchar(2000) CHARACTER SET latin1 COLLATE latin1_bin DEFAULT NULL,
  `descripcion` varchar(2000) CHARACTER SET latin1 COLLATE latin1_bin DEFAULT NULL,
  `operando` decimal(22,0) DEFAULT NULL,
  `operador` varchar(20) CHARACTER SET latin1 COLLATE latin1_bin DEFAULT NULL,
  PRIMARY KEY (`id_modificador`,`id_cliente`),
  KEY `MODIFICADORES_COMERCIALES_fk1` (`id_cliente`),
  KEY `MODIFICADORES_COMERCIALES_fk2` (`id_moneda`),
  CONSTRAINT `MODIFICADORES_COMERCIALES_fk1` FOREIGN KEY (`id_cliente`) REFERENCES `CLIENTES` (`id_cliente`) ON DELETE NO ACTION ON UPDATE NO ACTION,
  CONSTRAINT `MODIFICADORES_COMERCIALES_fk2` FOREIGN KEY (`id_moneda`) REFERENCES `MONEDAS` (`id_moneda`) ON DELETE NO ACTION ON UPDATE NO ACTION
) ENGINE=InnoDB DEFAULT CHARSET=latin1;
/*!40101 SET character_set_client = @saved_cs_client */;

--
-- Dumping data for table `MODIFICADORES_COMERCIALES`
--

LOCK TABLES `MODIFICADORES_COMERCIALES` WRITE;
/*!40000 ALTER TABLE `MODIFICADORES_COMERCIALES` DISABLE KEYS */;
/*!40000 ALTER TABLE `MODIFICADORES_COMERCIALES` ENABLE KEYS */;
UNLOCK TABLES;

--
-- Table structure for table `APPEX_PAISES`
--

DROP TABLE IF EXISTS `APPEX_PAISES`;
/*!40101 SET @saved_cs_client     = @@character_set_client */;
/*!40101 SET character_set_client = utf8 */;
CREATE TABLE `APPEX_PAISES` (
  `ID_PAIS` int(10) unsigned NOT NULL AUTO_INCREMENT COMMENT 'Id. del pais',
  `NOMBRE` varchar(45) CHARACTER SET latin1 NOT NULL COMMENT 'Nombre',
  `ISO_CODE_2` varchar(2) DEFAULT NULL COMMENT 'Codigo ISO 2',
  `ISO_CODE_3` varchar(3) DEFAULT NULL COMMENT 'Codigo ISO 3',
  `ACTIVO` bit(1) DEFAULT NULL COMMENT 'Indica si esta activo',
  `G_CODE` varchar(100) DEFAULT NULL COMMENT 'Codigo asignado por Google Maps',
  `GEOLOCALIZACION` varchar(100) DEFAULT NULL COMMENT 'Coordenadas del pais',
  PRIMARY KEY (`ID_PAIS`)
) ENGINE=InnoDB AUTO_INCREMENT=256 DEFAULT CHARSET=utf8 COMMENT='Paises';
/*!40101 SET character_set_client = @saved_cs_client */;

--
-- Dumping data for table `APPEX_PAISES`
--

LOCK TABLES `APPEX_PAISES` WRITE;
/*!40000 ALTER TABLE `APPEX_PAISES` DISABLE KEYS */;
INSERT INTO `APPEX_PAISES` VALUES (6,'Andorra','AD',NULL,'',NULL,NULL),(7,'Emiratos Árabes Unidos','AE',NULL,'',NULL,NULL),(8,'Afganistán','AF',NULL,'',NULL,NULL),(9,'Antigua y Barbuda','AG',NULL,'',NULL,NULL),(10,'Anguila','AI',NULL,'',NULL,NULL),(11,'Albania','AL',NULL,'',NULL,NULL),(12,'Armenia','AM',NULL,'',NULL,NULL),(13,'Antillas Holandesas','AN',NULL,'',NULL,NULL),(14,'Angola','AO',NULL,'',NULL,NULL),(15,'Antártida','AQ',NULL,'',NULL,NULL),(16,'Argentina','AR',NULL,'',NULL,NULL),(17,'Samoa Americana','AS',NULL,'',NULL,NULL),(18,'Austria','AT',NULL,'',NULL,NULL),(19,'Australia','AU',NULL,'',NULL,NULL),(20,'Aruba','AW',NULL,'',NULL,NULL),(21,'Islas Aland','AX',NULL,'',NULL,NULL),(22,'Azerbaiyán','AZ',NULL,'',NULL,NULL),(23,'Bosnia y Herzegovina','BA',NULL,'',NULL,NULL),(24,'Barbados','BB',NULL,'',NULL,NULL),(25,'Bangladesh','BD',NULL,'',NULL,NULL),(26,'Bélgica','BE',NULL,'',NULL,NULL),(27,'Burkina Faso','BF',NULL,'',NULL,NULL),(28,'Bulgaria','BG',NULL,'',NULL,NULL),(29,'Bahrein','BH',NULL,'',NULL,NULL),(30,'Burundi','BI',NULL,'',NULL,NULL),(31,'Benín','BJ',NULL,'',NULL,NULL),(32,'Bermudas','BM',NULL,'',NULL,NULL),(33,'Brunéi Darussalam','BN',NULL,'',NULL,NULL),(34,'Bolivia','BO',NULL,'',NULL,NULL),(35,'Brasil','BR',NULL,'',NULL,NULL),(36,'Bahamas','BS',NULL,'',NULL,NULL),(37,'Bután','BT',NULL,'',NULL,NULL),(38,'Isla Bouvet','BV',NULL,'',NULL,NULL),(39,'Botsuana','BW',NULL,'',NULL,NULL),(40,'Bielorrusia','BY',NULL,'',NULL,NULL),(41,'Belice','BZ',NULL,'',NULL,NULL),(42,'Canadá','CA',NULL,'',NULL,NULL),(43,'Islas Cocos (Keeling)','CC',NULL,'',NULL,NULL),(44,'Congo, República Democrática del','CD',NULL,'',NULL,NULL),(45,'República Centroafricana','CF',NULL,'',NULL,NULL),(46,'Congo','CG',NULL,'',NULL,NULL),(47,'Suiza','CH',NULL,'',NULL,NULL),(48,'Costa de Marfil','CI',NULL,'',NULL,NULL),(49,'Islas Cook','CK',NULL,'',NULL,NULL),(50,'Chile','CL',NULL,'',NULL,NULL),(51,'Camerún','CM',NULL,'',NULL,NULL),(52,'China','CN',NULL,'',NULL,NULL),(53,'Colombia','CO',NULL,'',NULL,NULL),(54,'Costa Rica','CR',NULL,'',NULL,NULL),(55,'Serbia y Montenegro','CS',NULL,'',NULL,NULL),(56,'Cuba','CU',NULL,'',NULL,NULL),(57,'Cabo Verde','CV',NULL,'',NULL,NULL),(58,'Isla Christmas','CX',NULL,'',NULL,NULL),(59,'Chipre','CY',NULL,'',NULL,NULL),(60,'República Checa','CZ',NULL,'',NULL,NULL),(61,'Alemania','DE',NULL,'',NULL,NULL),(62,'Yibuti','DJ',NULL,'',NULL,NULL),(63,'Dinamarca','DK',NULL,'',NULL,NULL),(64,'Dominica','DM',NULL,'',NULL,NULL),(65,'República Dominicana','DO',NULL,'',NULL,NULL),(66,'Argelia','DZ',NULL,'',NULL,NULL),(67,'Ecuador','EC',NULL,'',NULL,NULL),(68,'Estonia','EE',NULL,'',NULL,NULL),(69,'Egipto','EG',NULL,'',NULL,NULL),(70,'Sáhara Occidental','EH',NULL,'',NULL,NULL),(71,'Eritrea','ER',NULL,'',NULL,NULL),(72,'España','ES',NULL,'',NULL,NULL),(73,'Etiopía','ET',NULL,'',NULL,NULL),(74,'Finlandia','FI',NULL,'',NULL,NULL),(75,'Fiji','FJ',NULL,'',NULL,NULL),(76,'Islas Malvinas (Falkland)','FK',NULL,'',NULL,NULL),(77,'Micronesia, Estados Federados de','FM',NULL,'',NULL,NULL),(78,'Islas Feroe','FO',NULL,'',NULL,NULL),(79,'Francia','FR',NULL,'',NULL,NULL),(81,'Gabón','GA',NULL,'',NULL,NULL),(82,'Reino Unido','GB',NULL,'',NULL,NULL),(83,'Granada','GD',NULL,'',NULL,NULL),(84,'Georgia','GE',NULL,'',NULL,NULL),(85,'Guayana Francesa','GF',NULL,'',NULL,NULL),(86,'Guernsey','GG',NULL,'',NULL,NULL),(87,'Ghana','GH',NULL,'',NULL,NULL),(88,'Gibraltar','GI',NULL,'',NULL,NULL),(89,'Groenlandia','GL',NULL,'',NULL,NULL),(90,'Gambia','GM',NULL,'',NULL,NULL),(91,'Guinea','GN',NULL,'',NULL,NULL),(92,'Guadalupe','GP',NULL,'',NULL,NULL),(93,'Guinea Ecuatorial','GQ',NULL,'',NULL,NULL),(94,'Grecia','GR',NULL,'',NULL,NULL),(95,'Islas Georgias y Sandwich del Sur','GS',NULL,'',NULL,NULL),(96,'Guatemala','GT',NULL,'',NULL,NULL),(97,'Guam','GU',NULL,'',NULL,NULL),(98,'Guinea-Bissau','GW',NULL,'',NULL,NULL),(99,'Guayana','GY',NULL,'',NULL,NULL),(100,'Hong Kong','HK',NULL,'',NULL,NULL),(101,'Isla Heard e Islas McDonald','HM',NULL,'',NULL,NULL),(102,'Honduras','HN',NULL,'',NULL,NULL),(103,'Croacia','HR',NULL,'',NULL,NULL),(104,'Haití','HT',NULL,'',NULL,NULL),(105,'Hungría','HU',NULL,'',NULL,NULL),(106,'Indonesia','ID',NULL,'',NULL,NULL),(107,'Irlanda','IE',NULL,'',NULL,NULL),(108,'Israel','IL',NULL,'',NULL,NULL),(109,'Isla de Man','IM',NULL,'',NULL,NULL),(110,'India','IN',NULL,'',NULL,NULL),(111,'Territorio Británico del Océano Índico','IO',NULL,'',NULL,NULL),(112,'Irak','IQ',NULL,'',NULL,NULL),(113,'Irán, República Islámica de','IR',NULL,'',NULL,NULL),(114,'Islandia','IS',NULL,'',NULL,NULL),(115,'Italia','IT',NULL,'',NULL,NULL),(116,'Jersey','JE',NULL,'',NULL,NULL),(117,'Jamaica','JM',NULL,'',NULL,NULL),(118,'Jordania','JO',NULL,'',NULL,NULL),(119,'Japón','JP',NULL,'',NULL,NULL),(120,'Kenia','KE',NULL,'',NULL,NULL),(121,'Kirguizistán','KG',NULL,'',NULL,NULL),(122,'Camboya','KH',NULL,'',NULL,NULL),(123,'Kiribati','KI',NULL,'',NULL,NULL),(124,'Comores','KM',NULL,'',NULL,NULL),(125,'Saint Kitts y Nevis','KN',NULL,'',NULL,NULL),(126,'Corea, República Democrática Popular de','KP',NULL,'',NULL,NULL),(127,'Corea, República de','KR',NULL,'',NULL,NULL),(128,'Kuwait','KW',NULL,'',NULL,NULL),(129,'Islas Caimán','KY',NULL,'',NULL,NULL),(130,'Kazajstán','KZ',NULL,'',NULL,NULL),(131,'República Democrática Popular de Laos','LA',NULL,'',NULL,NULL),(132,'Líbano','LB',NULL,'',NULL,NULL),(133,'Santa Lucía','LC',NULL,'',NULL,NULL),(134,'Liechtenstein','LI',NULL,'',NULL,NULL),(135,'Sri Lanka','LK',NULL,'',NULL,NULL),(136,'Liberia','LR',NULL,'',NULL,NULL),(137,'Lesoto','LS',NULL,'',NULL,NULL),(138,'Lituania','LT',NULL,'',NULL,NULL),(139,'Luxemburgo','LU',NULL,'',NULL,NULL),(140,'Letonia','LV',NULL,'',NULL,NULL),(142,'Yamahiriya Árabe Libia','LY',NULL,'',NULL,NULL),(143,'Marruecos','MA',NULL,'',NULL,NULL),(144,'Mónaco','MC',NULL,'',NULL,NULL),(145,'Moldavia, República de','MD',NULL,'',NULL,NULL),(146,'Montenegro','ME',NULL,'',NULL,NULL),(147,'Madagascar','MG',NULL,'',NULL,NULL),(148,'Islas Marshall','MH',NULL,'',NULL,NULL),(149,'Macedonia, Antigua República Yugoslava de','MK',NULL,'',NULL,NULL),(150,'Malí','ML',NULL,'',NULL,NULL),(151,'Myanmar','MM',NULL,'',NULL,NULL),(152,'Mongolia','MN',NULL,'',NULL,NULL),(153,'Macao','MO',NULL,'',NULL,NULL),(154,'Islas Marianas del Norte','MP',NULL,'',NULL,NULL),(155,'Martinica','MQ',NULL,'',NULL,NULL),(156,'Mauritania','MR',NULL,'',NULL,NULL),(157,'Montserrat','MS',NULL,'',NULL,NULL),(158,'Malta','MT',NULL,'',NULL,NULL),(159,'Mauricio','MU',NULL,'',NULL,NULL),(160,'Maldivas','MV',NULL,'',NULL,NULL),(161,'Malaui','MW',NULL,'',NULL,NULL),(162,'México','MX',NULL,'',NULL,NULL),(163,'Malasia','MY',NULL,'',NULL,NULL),(164,'Mozambique','MZ',NULL,'',NULL,NULL),(165,'Namibia','NA',NULL,'',NULL,NULL),(166,'Nueva Caledonia','NC',NULL,'',NULL,NULL),(167,'Níger','NE',NULL,'',NULL,NULL),(168,'Isla Norfolk','NF',NULL,'',NULL,NULL),(169,'Nigeria','NG',NULL,'',NULL,NULL),(170,'Nicaragua','NI',NULL,'',NULL,NULL),(171,'Holanda','NL',NULL,'',NULL,NULL),(172,'Noruega','NO',NULL,'',NULL,NULL),(173,'Nepal','NP',NULL,'',NULL,NULL),(174,'Nauru','NR',NULL,'',NULL,NULL),(175,'Niue','NU',NULL,'',NULL,NULL),(176,'Nueva Zelanda','NZ',NULL,'',NULL,NULL),(177,'Omán','OM',NULL,'',NULL,NULL),(178,'Panamá','PA',NULL,'',NULL,NULL),(179,'Perú','PE',NULL,'',NULL,NULL),(180,'Polinesia Francesa','PF',NULL,'',NULL,NULL),(181,'Papúa Nueva Guinea','PG',NULL,'',NULL,NULL),(182,'Filipinas','PH',NULL,'',NULL,NULL),(183,'Pakistán','PK',NULL,'',NULL,NULL),(184,'Polonia','PL',NULL,'',NULL,NULL),(185,'Saint Pierre y Miquelon','PM',NULL,'',NULL,NULL),(186,'Islas Pitcairn','PN',NULL,'',NULL,NULL),(187,'Puerto Rico','PR',NULL,'',NULL,NULL),(188,'Territorio Palestino, Ocupado','PS',NULL,'',NULL,NULL),(189,'Portugal','PT',NULL,'',NULL,NULL),(190,'Paláu','PW',NULL,'',NULL,NULL),(191,'Paraguay','PY',NULL,'',NULL,NULL),(192,'Qatar','QA',NULL,'',NULL,NULL),(193,'Reunión','RE',NULL,'',NULL,NULL),(194,'Rumanía','RO',NULL,'',NULL,NULL),(195,'Serbia','RS',NULL,'',NULL,NULL),(196,'Federación Rusa','RU',NULL,'',NULL,NULL),(197,'Ruanda','RW',NULL,'',NULL,NULL),(198,'Arabia Saudí','SA',NULL,'',NULL,NULL),(199,'Islas Salomón','SB',NULL,'',NULL,NULL),(200,'Seychelles','SC',NULL,'',NULL,NULL),(201,'Sudán','SD',NULL,'',NULL,NULL),(202,'Suecia','SE',NULL,'',NULL,NULL),(203,'Singapur','SG',NULL,'',NULL,NULL),(204,'Santa Elena','SH',NULL,'',NULL,NULL),(205,'Eslovenia','SI',NULL,'',NULL,NULL),(206,'Islas Svalbard y Jan Mayen','SJ',NULL,'',NULL,NULL),(207,'Eslovaquia','SK',NULL,'',NULL,NULL),(208,'Sierra Leona','SL',NULL,'',NULL,NULL),(209,'San Marino','SM',NULL,'',NULL,NULL),(210,'Senegal','SN',NULL,'',NULL,NULL),(211,'Somalia','SO',NULL,'',NULL,NULL),(212,'Surinam','SR',NULL,'',NULL,NULL),(213,'Santo Tomé y Príncipe','ST',NULL,'',NULL,NULL),(214,'El Salvador','SV',NULL,'',NULL,NULL),(215,'República Árabe Siria','SY',NULL,'',NULL,NULL),(216,'Suazilandia','SZ',NULL,'',NULL,NULL),(217,'Islas Turcas y Caicos','TC',NULL,'',NULL,NULL),(218,'Chad','TD',NULL,'',NULL,NULL),(219,'Territorios Australes Franceses','TF',NULL,'',NULL,NULL),(220,'Togo','TG',NULL,'',NULL,NULL),(221,'Tailandia','TH',NULL,'',NULL,NULL),(222,'Tayikistán','TJ',NULL,'',NULL,NULL),(223,'Tokelau','TK',NULL,'',NULL,NULL),(224,'Timor Leste','TL',NULL,'',NULL,NULL),(225,'Turkmenistán','TM',NULL,'',NULL,NULL),(226,'Túnez','TN',NULL,'',NULL,NULL),(227,'Tonga','TO',NULL,'',NULL,NULL),(229,'Turquía','TR',NULL,'',NULL,NULL),(230,'Trinidad y Tobago','TT',NULL,'',NULL,NULL),(231,'Tuvalu','TV',NULL,'',NULL,NULL),(232,'Taiwán','TW',NULL,'',NULL,NULL),(233,'Tanzania, República Unida de','TZ',NULL,'',NULL,NULL),(234,'Ucrania','UA',NULL,'',NULL,NULL),(235,'Uganda','UG',NULL,'',NULL,NULL),(236,'Islas Exteriores Menores de Estados Unidos','UM',NULL,'',NULL,NULL),(237,'Estados Unidos','US',NULL,'',NULL,NULL),(238,'Uruguay','UY',NULL,'',NULL,NULL),(239,'Uzbekistán','UZ',NULL,'',NULL,NULL),(240,'Santa Sede (Estado Ciudad del Vaticano)','VA',NULL,'',NULL,NULL),(241,'San Vicente y Granadinas','VC',NULL,'',NULL,NULL),(242,'Venezuela','VE',NULL,'',NULL,NULL),(243,'Islas Vírgenes Británicas','VG',NULL,'',NULL,NULL),(244,'Islas Vírgenes (EE.UU.)','VI',NULL,'',NULL,NULL),(245,'Vietnam','VN',NULL,'',NULL,NULL),(246,'Vanuatu','VU',NULL,'',NULL,NULL),(247,'Wallis y Futuna','WF',NULL,'',NULL,NULL),(248,'Samoa','WS',NULL,'',NULL,NULL),(249,'Yemen','YE',NULL,'',NULL,NULL),(250,'Mayotte','YT',NULL,'',NULL,NULL),(252,'Sudáfrica','ZA',NULL,'',NULL,NULL),(253,'Zambia','ZM',NULL,'',NULL,NULL),(255,'Zimbabue','ZW',NULL,'',NULL,NULL);
/*!40000 ALTER TABLE `APPEX_PAISES` ENABLE KEYS */;
UNLOCK TABLES;

--
-- Table structure for table `CLIENTES_DIRECCIONES`
--

DROP TABLE IF EXISTS `CLIENTES_DIRECCIONES`;
/*!40101 SET @saved_cs_client     = @@character_set_client */;
/*!40101 SET character_set_client = utf8 */;
CREATE TABLE `CLIENTES_DIRECCIONES` (
  `id_direccion` bigint(15) NOT NULL,
  `id_cliente` bigint(15) NOT NULL,
  `direccion` varchar(240) CHARACTER SET latin1 COLLATE latin1_bin NOT NULL,
  `codigo_postal` varchar(30) CHARACTER SET latin1 COLLATE latin1_bin DEFAULT NULL,
  `ciudad` varchar(40) CHARACTER SET latin1 COLLATE latin1_bin DEFAULT NULL,
  `id_pais` int(10) unsigned NOT NULL,
  `id_provincia` int(10) unsigned DEFAULT NULL,
  `estado` varchar(80) CHARACTER SET latin1 COLLATE latin1_bin DEFAULT NULL,
  `tipo` varchar(30) CHARACTER SET latin1 COLLATE latin1_bin DEFAULT NULL,
  `id_condpago` bigint(15) DEFAULT NULL,
  `id_IVA` varchar(30) CHARACTER SET latin1 COLLATE latin1_bin DEFAULT NULL,
  `id_lista_prec` bigint(15) DEFAULT NULL,
  `id_vendedor` bigint(15) DEFAULT NULL,
  `principal` varchar(1) CHARACTER SET latin1 COLLATE latin1_bin NOT NULL,
  `ref_dir_web` varchar(30) CHARACTER SET latin1 COLLATE latin1_bin DEFAULT NULL,
  `ref_cli_web` varchar(30) CHARACTER SET latin1 COLLATE latin1_bin DEFAULT NULL,
  `exportable` varchar(1) CHARACTER SET latin1 COLLATE latin1_bin DEFAULT 'N',
  `fuente` varchar(20) CHARACTER SET latin1 COLLATE latin1_bin DEFAULT NULL,
  `mobile_id_cliente` bigint(15) DEFAULT NULL,
  `mobile_id_direccion` bigint(15) DEFAULT NULL,
  `mobile_id` bigint(15) DEFAULT NULL,
  PRIMARY KEY (`id_direccion`,`id_cliente`),
  KEY `direcciones_CLIENTES_fk1` (`id_cliente`),
  KEY `direcciones_condiciones_p_fk1` (`id_condpago`),
  KEY `direcciones_IVA_fk1` (`id_IVA`),
  KEY `direcciones_listas_precio_fk1` (`id_lista_prec`),
  KEY `direcciones_PROVINCIAS_fk1` (`id_pais`,`id_provincia`),
  KEY `direcciones_VENDEDORES_fk1` (`id_vendedor`),
  KEY `fk_CLIENTES_DIRECCIONES_1` (`id_pais`,`id_provincia`),
  CONSTRAINT `direcciones_CLIENTES_fk1` FOREIGN KEY (`id_cliente`) REFERENCES `CLIENTES` (`id_cliente`) ON DELETE NO ACTION ON UPDATE NO ACTION,
  CONSTRAINT `direcciones_condiciones_p_fk1` FOREIGN KEY (`id_condpago`) REFERENCES `CONDICIONES_PAGO` (`id_condpago`) ON DELETE NO ACTION ON UPDATE NO ACTION,
  CONSTRAINT `direcciones_IVA_fk1` FOREIGN KEY (`id_IVA`) REFERENCES `IVA` (`id_IVA`) ON DELETE NO ACTION ON UPDATE NO ACTION,
  CONSTRAINT `direcciones_listas_precio_fk1` FOREIGN KEY (`id_lista_prec`) REFERENCES `LISTAS_PRECIOS` (`id_lista_prec`) ON DELETE NO ACTION ON UPDATE NO ACTION,
  CONSTRAINT `direcciones_VENDEDORES_fk1` FOREIGN KEY (`id_vendedor`) REFERENCES `VENDEDORES` (`id_vendedor`) ON DELETE NO ACTION ON UPDATE NO ACTION,
  CONSTRAINT `fk_CLIENTES_DIRECCIONES_1` FOREIGN KEY (`id_pais`, `id_provincia`) REFERENCES `APPEX_PROVINCIAS` (`ID_PAIS`, `ID_PROVINCIA`) ON DELETE NO ACTION ON UPDATE NO ACTION
) ENGINE=InnoDB DEFAULT CHARSET=latin1;
/*!40101 SET character_set_client = @saved_cs_client */;

--
-- Dumping data for table `CLIENTES_DIRECCIONES`
--

LOCK TABLES `CLIENTES_DIRECCIONES` WRITE;
/*!40000 ALTER TABLE `CLIENTES_DIRECCIONES` DISABLE KEYS */;
INSERT INTO `CLIENTES_DIRECCIONES` VALUES (1000,1000,'CARRER MAJOR, 1','03002','ALICANTE',72,3,NULL,'FACTURACION',1000,'IVA 18%',1,1000,'Y',NULL,NULL,'N',NULL,NULL,NULL,NULL),(1001,1000,'CARRER MAJOR, 1','03002','ALICANTE',72,3,NULL,'ENVIO',1000,'IVA 18%',1,1000,'Y',NULL,NULL,'N',NULL,NULL,NULL,NULL),(1002,1001,'CARRER DE NAVAS, 22','03001','ALICANTE',72,3,NULL,'ENVIO',1000,'IVA 18%',1,1000,'Y',NULL,NULL,'N',NULL,NULL,NULL,NULL),(1003,1001,'CARRER DE NAVAS, 22','03001','ALICANTE',72,3,NULL,'FACTURACION',1000,'IVA 18%',1,1000,'Y',NULL,NULL,'N',NULL,NULL,NULL,NULL),(1004,1002,'CARRER DE EUSEBIO SEMPERE, 12','03003','ALICANTE',72,3,NULL,'FACTURACION',1000,'IVA 18%',1,1000,'Y',NULL,NULL,'N',NULL,NULL,NULL,NULL),(1005,1002,'CARRER DE EUSEBIO SEMPERE, 12','03003','ALICANTE',72,3,NULL,'ENVIO',1000,'IVA 18%',1,1000,'Y',NULL,NULL,'N',NULL,NULL,NULL,NULL),(1006,1006,'CALLE DE RAFAEL ASIN, 4','03010','ALICANTE',72,3,NULL,'ENVIO',1000,'IVA 18%',1,1000,'Y',NULL,NULL,'N',NULL,NULL,NULL,NULL),(1007,1006,'CALLE DE RAFAEL ASIN, 4','03010','ALICANTE',72,3,NULL,'FACTURACION',1000,'IVA 18%',1,1000,'Y',NULL,NULL,'N',NULL,NULL,NULL,NULL),(1008,1009,'CALLE DEL OCHO DE MAYO, 13','03570','VILLAJOYOSA',72,3,NULL,'FACTURACION',1000,'IVA 18%',1,1000,'Y',NULL,NULL,'N',NULL,NULL,NULL,NULL),(1009,1009,'CALLE DEL OCHO DE MAYO, 13','03570','VILLAJOYOSA',72,3,NULL,'ENVIO',1000,'IVA 18%',1,1000,'Y',NULL,NULL,'N',NULL,NULL,NULL,NULL),(1010,1011,'CALLE MIRADOR, 15','03501','BENIDORM',72,3,NULL,'ENVIO',1000,'IVA 18%',1,1000,'Y',NULL,NULL,'N',NULL,NULL,NULL,NULL),(1011,1011,'CALLE MIRADOR, 15','03501','BENIDORM',72,3,NULL,'FACTURACION',1000,'IVA 18%',1,1000,'Y',NULL,NULL,'N',NULL,NULL,NULL,NULL),(1012,1012,'AVENIDA DE ALBACETE, 44','03503','BENIDORM',72,3,NULL,'FACTURACION',1000,'IVA 18%',1,1000,'Y',NULL,NULL,'N',NULL,NULL,NULL,NULL),(1013,1012,'AVENIDA DE ALBACETE, 44','03503','BENIDORM',72,3,NULL,'ENVIO',1000,'IVA 18%',1,1000,'Y',NULL,NULL,'N',NULL,NULL,NULL,NULL),(1014,1015,'AVENIDA DE MALTA, 23','03503','BENIDORM',72,3,NULL,'ENVIO',1000,'IVA 18%',1,1000,'Y',NULL,NULL,'N',NULL,NULL,NULL,NULL),(1015,1015,'AVENIDA DE MALTA, 23','03503','BENIDORM',72,3,NULL,'FACTURACION',1000,'IVA 18%',1,1000,'Y',NULL,NULL,'N',NULL,NULL,NULL,NULL),(1016,1003,'CARRER DE L\'EUCALIPTUS, 23','08950','ESPLUGUES DE LLOBREGAT',72,8,NULL,'FACTURACION',1001,'IVA 18%',1,1000,'Y',NULL,NULL,'N',NULL,NULL,NULL,NULL),(1017,1003,'CARRER DE L\'EUCALIPTUS, 23','08950','ESPLUGUES DE LLOBREGAT',72,8,NULL,'ENVIO',1001,'IVA 18%',1,1000,'Y',NULL,NULL,'N',NULL,NULL,NULL,NULL),(1018,1004,'CARRER DE LA DIPUTACIÓ, 45','08015','BARCELONA',72,8,NULL,'ENVIO',1001,'IVA 18%',1,1000,'Y',NULL,NULL,'N',NULL,NULL,NULL,NULL),(1019,1004,'CARRER DE LA DIPUTACIÓ, 45','08015','BARCELONA',72,8,NULL,'FACTURACION',1000,'IVA 18%',1,1001,'Y',NULL,NULL,'N',NULL,NULL,NULL,NULL),(1020,1005,'CARRER D\'ARAGÓ, 45','08015','BARCELONA',72,8,NULL,'FACTURACION',1000,'IVA 18%',1,1001,'Y',NULL,NULL,'N',NULL,NULL,NULL,NULL),(1021,1005,'CARRER D\'ARAGÓ, 45','08015','BARCELONA',72,8,NULL,'ENVIO',1000,'IVA 18%',1,1001,'Y',NULL,NULL,'N',NULL,NULL,NULL,NULL),(1022,1008,'AVINGUDA DIAGONAL, 670','08034','BARCELONA',72,8,NULL,'ENVIO',1000,'IVA 18%',1,1001,'Y',NULL,NULL,'N',NULL,NULL,NULL,NULL),(1023,1008,'AVINGUDA DIAGONAL, 670','08034','BARCELONA',72,8,NULL,'FACTURACION',1000,'IVA 18%',1,1001,'Y',NULL,NULL,'N',NULL,NULL,NULL,NULL),(1024,1010,'CARRER DE BALMES, 10','08007','BARCELONA',72,8,NULL,'FACTURACION',1000,'IVA 18%',1,1001,'Y',NULL,NULL,'N',NULL,NULL,NULL,NULL),(1025,1010,'CARRER DE BALMES, 10','08007','BARCELONA',72,8,NULL,'ENVIO',1000,'IVA 18%',1,1001,'Y',NULL,NULL,'N',NULL,NULL,NULL,NULL),(1026,1013,'RAMBLA DE PRIM, 13','08019','BARCELONA',72,8,NULL,'ENVIO',1000,'IVA 18%',1,1001,'Y',NULL,NULL,'N',NULL,NULL,NULL,NULL),(1027,1013,'RAMBLA DE PRIM, 13','08019','BARCELONA',72,8,NULL,'FACTURACION',1000,'IVA 18%',1,1001,'Y',NULL,NULL,'N',NULL,NULL,NULL,NULL),(1028,1014,'AVINGUDA DEL MARESME, 1','08302','MATARÓ',72,8,NULL,'FACTURACION',1000,'IVA 18%',1,1001,'Y',NULL,NULL,'N',NULL,NULL,NULL,NULL),(1029,1014,'AVINGUDA DEL MARESME, 1','08302','MATARÓ',72,8,NULL,'ENVIO',1000,'IVA 18%',1,1001,'Y',NULL,NULL,'N',NULL,NULL,NULL,NULL),(1030,1007,'CALLE DE CERVANTES, 24','03550','SANT JOAN',72,3,NULL,'ENVIO',1000,'IVA 18%',1,1001,'Y',NULL,NULL,'N',NULL,NULL,NULL,NULL),(1031,1007,'CALLE DE CERVANTES, 24','03550','SANT JOAN',72,3,NULL,'FACTURACION',1000,'IVA 18%',1,1001,'Y',NULL,NULL,'N',NULL,NULL,NULL,NULL);
/*!40000 ALTER TABLE `CLIENTES_DIRECCIONES` ENABLE KEYS */;
UNLOCK TABLES;

--
-- Table structure for table `CONDICIONES_PAGO`
--

DROP TABLE IF EXISTS `CONDICIONES_PAGO`;
/*!40101 SET @saved_cs_client     = @@character_set_client */;
/*!40101 SET character_set_client = utf8 */;
CREATE TABLE `CONDICIONES_PAGO` (
  `id_condpago` bigint(15) NOT NULL,
  `nombre` varchar(80) CHARACTER SET latin1 COLLATE latin1_bin NOT NULL,
  PRIMARY KEY (`id_condpago`)
) ENGINE=InnoDB DEFAULT CHARSET=latin1;
/*!40101 SET character_set_client = @saved_cs_client */;

--
-- Dumping data for table `CONDICIONES_PAGO`
--

LOCK TABLES `CONDICIONES_PAGO` WRITE;
/*!40000 ALTER TABLE `CONDICIONES_PAGO` DISABLE KEYS */;
INSERT INTO `CONDICIONES_PAGO` VALUES (1000,'CONTADO'),(1001,'TRANSFERENCIA'),(1002,'TRANSF. 30/60'),(1003,'TRANSF. 30/60/90');
/*!40000 ALTER TABLE `CONDICIONES_PAGO` ENABLE KEYS */;
UNLOCK TABLES;

--
-- Table structure for table `APPBS_CAMPOS`
--

DROP TABLE IF EXISTS `APPBS_CAMPOS`;
/*!40101 SET @saved_cs_client     = @@character_set_client */;
/*!40101 SET character_set_client = utf8 */;
CREATE TABLE `APPBS_CAMPOS` (
  `ID_CAMPO` int(11) NOT NULL AUTO_INCREMENT COMMENT 'Codigo',
  `ID_TABLA` int(11) NOT NULL DEFAULT '0' COMMENT 'Codigo de la tabla',
  `NOMBRE` varchar(100) NOT NULL DEFAULT '' COMMENT 'Nombre del campo',
  `TIPO` char(1) NOT NULL DEFAULT 'I' COMMENT 'Tipo del campo (I - Entero, F - Real, S - Cadena, D - Fecha)',
  `ORDEN` int(11) NOT NULL DEFAULT '0' COMMENT 'Orden',
  `LLAVE_PRIMARIA` char(1) NOT NULL DEFAULT 'N' COMMENT 'Indica si es parte de la PrimaryKey',
  `ORG_NOMBRE` varchar(100) DEFAULT NULL COMMENT 'Nombre del campo en el origen de datos',
  `ORG_CAMPO` varchar(100) DEFAULT NULL COMMENT 'Nombre del campo de la select en el origen de datos',
  `ORG_TIPO` char(1) DEFAULT NULL COMMENT 'Tipo del campo (I - Entero, F - Real, S - Cadena, D - Fecha, B - Boolean)',
  `ORG_FORMATO` varchar(50) DEFAULT NULL COMMENT 'Formato del campo',
  `FUENTE` char(1) DEFAULT NULL COMMENT 'Fuente de datos (B - Base de datos, C - Constante, P - Parametro, M - Maximo columna, F - Funcion, S - Select)',
  `FUENTE_VALOR1` varchar(500) DEFAULT NULL COMMENT 'Valor 1 segun la fuente',
  `FUENTE_VALOR2` varchar(500) DEFAULT NULL COMMENT 'Valor 2 segun la fuente',
  `EXPORTABLE` bit(1) DEFAULT NULL COMMENT 'Indica si el campo se utiliza en los exports',
  `IMPORTABLE` bit(1) DEFAULT NULL COMMENT 'Indica si el campo es impotable',
  `PARAM_1` varchar(100) DEFAULT NULL COMMENT 'Parametro 1',
  `PARAM_2` varchar(100) DEFAULT NULL COMMENT 'Parametro 2',
  `PARAM_3` varchar(100) DEFAULT NULL COMMENT 'Parametro 3',
  `PARAM_4` varchar(100) DEFAULT NULL COMMENT 'Parametro 4',
  PRIMARY KEY (`ID_CAMPO`,`ID_TABLA`),
  KEY `FLD_TAB_COD` (`ID_TABLA`) USING BTREE,
  CONSTRAINT `fk_CAMPOS_1` FOREIGN KEY (`ID_TABLA`) REFERENCES `APPBS_TABLAS` (`ID_TABLA`) ON DELETE CASCADE ON UPDATE CASCADE
) ENGINE=InnoDB AUTO_INCREMENT=1162 DEFAULT CHARSET=utf8 COMMENT='Informacion de los campos de las tablas a sincronizar';
/*!40101 SET character_set_client = @saved_cs_client */;

--
-- Dumping data for table `APPBS_CAMPOS`
--

LOCK TABLES `APPBS_CAMPOS` WRITE;
/*!40000 ALTER TABLE `APPBS_CAMPOS` DISABLE KEYS */;
INSERT INTO `APPBS_CAMPOS` VALUES (20,22,'ITEM_ID_1','F',1,'S',NULL,NULL,NULL,NULL,'B',NULL,NULL,'',NULL,NULL,NULL,NULL,NULL),(21,22,'ITEM_ID_2','F',2,'S',NULL,NULL,NULL,NULL,'B',NULL,NULL,'',NULL,NULL,NULL,NULL,NULL),(24,23,'ID_IDIOMA','S',2,'S',NULL,NULL,NULL,NULL,'B',NULL,NULL,'',NULL,NULL,NULL,NULL,NULL),(27,24,'ID_CLIENTE','I',1,'S',NULL,NULL,NULL,NULL,'B',NULL,NULL,'','',NULL,NULL,NULL,NULL),(28,24,'CIF','S',2,'N',NULL,NULL,NULL,NULL,'B',NULL,NULL,'','',NULL,NULL,NULL,NULL),(29,24,'NOMBRE','S',3,'N',NULL,NULL,NULL,NULL,'B',NULL,NULL,'','',NULL,NULL,NULL,NULL),(30,24,'NUMERO','I',4,'N',NULL,NULL,NULL,NULL,'B',NULL,NULL,'','',NULL,NULL,NULL,NULL),(31,24,'CLASE','S',5,'N',NULL,NULL,NULL,NULL,'B',NULL,NULL,'','',NULL,NULL,NULL,NULL),(32,24,'ID_CONDPAGO','I',6,'N',NULL,NULL,NULL,NULL,'B',NULL,NULL,'','',NULL,NULL,NULL,NULL),(33,24,'ID_IVA','S',7,'N',NULL,NULL,NULL,NULL,'B',NULL,NULL,'','',NULL,NULL,NULL,NULL),(34,24,'REF_WEB','S',8,'N',NULL,NULL,NULL,NULL,'B',NULL,NULL,'','',NULL,NULL,NULL,NULL),(36,25,'ID_CONTACTO','I',1,'S',NULL,NULL,NULL,NULL,'B',NULL,NULL,'','',NULL,NULL,NULL,NULL),(37,25,'ID_CLIENTE','I',2,'S',NULL,NULL,NULL,NULL,'B',NULL,NULL,'','',NULL,NULL,NULL,NULL),(38,25,'ID_DIRECCION','I',3,'S',NULL,NULL,NULL,NULL,'B',NULL,NULL,'','',NULL,NULL,NULL,NULL),(39,25,'NOMBRE','S',4,'N',NULL,NULL,NULL,NULL,'B',NULL,NULL,'','',NULL,NULL,NULL,NULL),(40,25,'EMAIL','S',5,'N',NULL,NULL,NULL,NULL,'B',NULL,NULL,'','',NULL,NULL,NULL,NULL),(41,25,'TELEFONO','S',6,'N',NULL,NULL,NULL,NULL,'B',NULL,NULL,'','',NULL,NULL,NULL,NULL),(42,25,'FAX','S',7,'N',NULL,NULL,NULL,NULL,'B',NULL,NULL,'','',NULL,NULL,NULL,NULL),(43,25,'REF_CONTACTO_WEB','S',8,'N',NULL,NULL,NULL,NULL,'B',NULL,NULL,'','',NULL,NULL,NULL,NULL),(44,25,'REF_DIR_WEB','S',9,'N',NULL,NULL,NULL,NULL,'B',NULL,NULL,'','',NULL,NULL,NULL,NULL),(45,25,'REF_CLI_WEB','S',10,'N',NULL,NULL,NULL,NULL,'B',NULL,NULL,'','',NULL,NULL,NULL,NULL),(47,26,'ID_DIRECCION','I',1,'S',NULL,NULL,NULL,NULL,'B',NULL,NULL,'','',NULL,NULL,NULL,NULL),(48,26,'ID_CLIENTE','I',2,'S',NULL,NULL,NULL,NULL,'B',NULL,NULL,'','',NULL,NULL,NULL,NULL),(49,26,'DIRECCION','S',3,'N',NULL,NULL,NULL,NULL,'B',NULL,NULL,'','',NULL,NULL,NULL,NULL),(50,26,'CODIGO_POSTAL','S',4,'N',NULL,NULL,NULL,NULL,'B',NULL,NULL,'','',NULL,NULL,NULL,NULL),(51,26,'CIUDAD','S',5,'N',NULL,NULL,NULL,NULL,'B',NULL,NULL,'','',NULL,NULL,NULL,NULL),(52,26,'ID_PAIS','S',6,'N',NULL,NULL,NULL,NULL,'B',NULL,NULL,'','',NULL,NULL,NULL,NULL),(53,26,'ID_PROVINCIA','S',7,'N',NULL,NULL,NULL,NULL,'B',NULL,NULL,'','',NULL,NULL,NULL,NULL),(54,26,'ESTADO','S',8,'N',NULL,NULL,NULL,NULL,'B',NULL,NULL,'','',NULL,NULL,NULL,NULL),(55,26,'TIPO','S',9,'N',NULL,NULL,NULL,NULL,'B',NULL,NULL,'','',NULL,NULL,NULL,NULL),(56,26,'ID_CONDPAGO','I',10,'N',NULL,NULL,NULL,NULL,'B',NULL,NULL,'','',NULL,NULL,NULL,NULL),(57,26,'ID_IVA','S',11,'N',NULL,NULL,NULL,NULL,'B',NULL,NULL,'','',NULL,NULL,NULL,NULL),(58,26,'ID_LISTA_PREC','I',12,'N',NULL,NULL,NULL,NULL,'B',NULL,NULL,'','',NULL,NULL,NULL,NULL),(59,26,'ID_VENDEDOR','I',13,'N',NULL,NULL,NULL,NULL,'B',NULL,NULL,'','',NULL,NULL,NULL,NULL),(60,26,'PRINCIPAL','S',14,'N',NULL,NULL,NULL,NULL,'B',NULL,NULL,'','',NULL,NULL,NULL,NULL),(61,26,'REF_DIR_WEB','S',15,'N',NULL,NULL,NULL,NULL,'B',NULL,NULL,'','',NULL,NULL,NULL,NULL),(62,26,'REF_CLI_WEB','S',16,'N',NULL,NULL,NULL,NULL,'B',NULL,NULL,'','',NULL,NULL,NULL,NULL),(64,27,'ID_COLOR','S',1,'S',NULL,NULL,NULL,NULL,'B',NULL,NULL,'',NULL,NULL,NULL,NULL,NULL),(65,27,'ID_IDIOMA','S',2,'S',NULL,NULL,NULL,NULL,'B',NULL,NULL,'',NULL,NULL,NULL,NULL,NULL),(66,27,'NOMBRE','S',3,'N',NULL,NULL,NULL,NULL,'B',NULL,NULL,'',NULL,NULL,NULL,NULL,NULL),(68,28,'ID_CONDPAGO','F',1,'S',NULL,NULL,NULL,NULL,'B',NULL,NULL,'',NULL,NULL,NULL,NULL,NULL),(69,28,'NOMBRE','S',2,'N',NULL,NULL,NULL,NULL,'B',NULL,NULL,'',NULL,NULL,NULL,NULL,NULL),(71,29,'ID_TIPO_1','S',1,'S',NULL,NULL,NULL,NULL,'B',NULL,NULL,'',NULL,NULL,NULL,NULL,NULL),(72,29,'ID_TIPO_2','S',2,'S',NULL,NULL,NULL,NULL,'B',NULL,NULL,'',NULL,NULL,NULL,NULL,NULL),(74,30,'ID_FAMILIA','S',1,'S',NULL,NULL,NULL,NULL,'B',NULL,NULL,'',NULL,NULL,NULL,NULL,NULL),(75,30,'ID_IDIOMA','S',2,'S',NULL,NULL,NULL,NULL,'B',NULL,NULL,'',NULL,NULL,NULL,NULL,NULL),(77,30,'NOMBRE','S',4,'N',NULL,NULL,NULL,NULL,'B',NULL,NULL,'',NULL,NULL,NULL,NULL,NULL),(80,31,'ID_IDIOMA','I',1,'S',NULL,NULL,NULL,NULL,'B',NULL,NULL,'',NULL,NULL,NULL,NULL,NULL),(81,31,'NOMBRE','S',2,'N',NULL,NULL,NULL,NULL,'B',NULL,NULL,'',NULL,NULL,NULL,NULL,NULL),(84,32,'ID_IVA','S',1,'S',NULL,NULL,NULL,NULL,'B',NULL,NULL,'',NULL,NULL,NULL,NULL,NULL),(85,32,'NOMBRE','S',2,'N',NULL,NULL,NULL,NULL,'B',NULL,NULL,'',NULL,NULL,NULL,NULL,NULL),(86,32,'PORC_IVA','I',3,'N',NULL,NULL,NULL,NULL,'B',NULL,NULL,'',NULL,NULL,NULL,NULL,NULL),(87,32,'PORC_REP','I',4,'N',NULL,NULL,NULL,NULL,'B',NULL,NULL,'',NULL,NULL,NULL,NULL,NULL),(89,33,'ID_LISTA_PREC','I',1,'S',NULL,NULL,NULL,NULL,'B',NULL,NULL,'',NULL,NULL,NULL,NULL,NULL),(90,33,'NOMBRE','S',2,'N',NULL,NULL,NULL,NULL,'B',NULL,NULL,'',NULL,NULL,NULL,NULL,NULL),(91,33,'ID_MONEDA','S',3,'N',NULL,NULL,NULL,NULL,'B',NULL,NULL,'',NULL,NULL,NULL,NULL,NULL),(96,34,'ID_LISTA_PREC','I',1,'S',NULL,NULL,NULL,NULL,'B',NULL,NULL,'',NULL,NULL,NULL,NULL,NULL),(97,34,'ITEM_ID','I',2,'S',NULL,NULL,NULL,NULL,'B',NULL,NULL,'',NULL,NULL,NULL,NULL,NULL),(98,34,'PRECIO','F',3,'N',NULL,NULL,NULL,NULL,'B',NULL,NULL,'',NULL,NULL,NULL,NULL,NULL),(103,36,'ID_MATERIAL','S',1,'S',NULL,NULL,NULL,NULL,'B',NULL,NULL,'',NULL,NULL,NULL,NULL,NULL),(104,36,'ID_IDIOMA','S',2,'S',NULL,NULL,NULL,NULL,'B',NULL,NULL,'',NULL,NULL,NULL,NULL,NULL),(105,36,'NOMBRE','S',3,'N',NULL,NULL,NULL,NULL,'B',NULL,NULL,'',NULL,NULL,NULL,NULL,NULL),(110,38,'ID_MONEDA','S',1,'S',NULL,NULL,NULL,NULL,'B',NULL,NULL,'',NULL,NULL,NULL,NULL,NULL),(111,38,'NOMBRE','S',2,'N',NULL,NULL,NULL,NULL,'B',NULL,NULL,'',NULL,NULL,NULL,NULL,NULL),(112,38,'SIMBOLO','S',3,'N',NULL,NULL,NULL,NULL,'B',NULL,NULL,'',NULL,NULL,NULL,NULL,NULL),(113,38,'TIPO_CAMBIO','F',4,'N',NULL,NULL,NULL,NULL,'B',NULL,NULL,'',NULL,NULL,NULL,NULL,NULL),(115,39,'ID_PAIS','I',1,'S',NULL,NULL,NULL,NULL,'B',NULL,NULL,'',NULL,NULL,NULL,NULL,NULL),(116,39,'NOMBRE','S',2,'N',NULL,NULL,NULL,NULL,'B',NULL,NULL,'',NULL,NULL,NULL,NULL,NULL),(118,40,'PEDIDO_NUM','I',1,'S',NULL,NULL,NULL,NULL,'B',NULL,NULL,'','',NULL,NULL,NULL,NULL),(119,40,'ID_ORIGEN','I',2,'N',NULL,NULL,NULL,NULL,'B',NULL,NULL,'','',NULL,NULL,NULL,NULL),(121,40,'ID_CLIENTE','I',4,'N',NULL,NULL,NULL,NULL,'B',NULL,NULL,'','',NULL,NULL,NULL,NULL),(122,40,'REF_CLI_WEB','S',5,'N',NULL,NULL,NULL,NULL,'B',NULL,NULL,'','',NULL,NULL,NULL,NULL),(123,40,'ID_DIR_FACT','I',6,'N',NULL,NULL,NULL,NULL,'B',NULL,NULL,'','',NULL,NULL,NULL,NULL),(124,40,'REF_DIR_FACT_WEB','S',7,'N',NULL,NULL,NULL,NULL,'B',NULL,NULL,'','',NULL,NULL,NULL,NULL),(125,40,'ID_DIR_ENV','I',8,'N',NULL,NULL,NULL,NULL,'B',NULL,NULL,'','',NULL,NULL,NULL,NULL),(126,40,'REF_DIR_ENV_WEB','S',9,'N',NULL,NULL,NULL,NULL,'B',NULL,NULL,'','',NULL,NULL,NULL,NULL),(127,40,'FECHA','D',10,'N',NULL,NULL,NULL,'dd/MM/yyyy','B',NULL,NULL,'','',NULL,NULL,NULL,NULL),(128,40,'ID_LISTA_PREC','I',11,'N',NULL,NULL,NULL,NULL,'B',NULL,NULL,'','',NULL,NULL,NULL,NULL),(129,40,'ID_MONEDA','S',12,'N',NULL,NULL,NULL,NULL,'B',NULL,NULL,'','',NULL,NULL,NULL,NULL),(130,40,'ID_VENDEDOR','I',13,'N',NULL,NULL,NULL,NULL,'B',NULL,NULL,'','',NULL,NULL,NULL,NULL),(131,41,'PEDIDO_NUM','I',1,'S',NULL,NULL,NULL,NULL,'B',NULL,NULL,'','',NULL,NULL,NULL,NULL),(132,41,'LINEA_NUM','I',2,'S',NULL,NULL,NULL,NULL,'B',NULL,NULL,'','',NULL,NULL,NULL,NULL),(133,41,'ITEM_ID','I',3,'N',NULL,NULL,NULL,NULL,'B',NULL,NULL,'','',NULL,NULL,NULL,NULL),(134,41,'CANTIDAD','I',4,'N',NULL,NULL,NULL,NULL,'B',NULL,NULL,'','',NULL,NULL,NULL,NULL),(135,41,'PRECIO','F',5,'N',NULL,NULL,NULL,NULL,'B',NULL,NULL,'','',NULL,NULL,NULL,NULL),(136,41,'ID_PROMOCION','I',6,'N',NULL,NULL,NULL,NULL,'B',NULL,NULL,'','',NULL,NULL,NULL,NULL),(137,41,'ID_PROMO_LINEA','I',7,'N',NULL,NULL,NULL,NULL,'B',NULL,NULL,'','',NULL,NULL,NULL,NULL),(138,42,'ID_ORIGEN','F',1,'S',NULL,NULL,NULL,NULL,'B',NULL,NULL,'',NULL,NULL,NULL,NULL,NULL),(139,42,'NOMBRE','S',2,'N',NULL,NULL,NULL,NULL,'B',NULL,NULL,'',NULL,NULL,NULL,NULL,NULL),(144,44,'ID_PROMOCION','F',1,'S',NULL,NULL,NULL,NULL,'B',NULL,NULL,'',NULL,NULL,NULL,NULL,NULL),(145,44,'NOMBRE','S',2,'N',NULL,NULL,NULL,NULL,'B',NULL,NULL,'',NULL,NULL,NULL,NULL,NULL),(146,44,'WEB','S',3,'N',NULL,NULL,NULL,NULL,'B',NULL,NULL,'',NULL,NULL,NULL,NULL,NULL),(147,44,'FERIA','S',4,'N',NULL,NULL,NULL,NULL,'B',NULL,NULL,'',NULL,NULL,NULL,NULL,NULL),(148,44,'CATALOGO','S',5,'N',NULL,NULL,NULL,NULL,'B',NULL,NULL,'',NULL,NULL,NULL,NULL,NULL),(150,45,'ID_PROMOCION','F',1,'S',NULL,NULL,NULL,NULL,'B',NULL,NULL,'',NULL,NULL,NULL,NULL,NULL),(151,45,'ID_LINEA','F',2,'S',NULL,NULL,NULL,NULL,'B',NULL,NULL,'',NULL,NULL,NULL,NULL,NULL),(152,45,'ITEM_ID','F',3,'S',NULL,NULL,NULL,NULL,'B',NULL,NULL,'',NULL,NULL,NULL,NULL,NULL),(153,45,'OPERACION','S',4,'N',NULL,NULL,NULL,NULL,'B',NULL,NULL,'',NULL,NULL,NULL,NULL,NULL),(154,45,'VALOR','F',5,'N',NULL,NULL,NULL,NULL,'B',NULL,NULL,'',NULL,NULL,NULL,NULL,NULL),(156,46,'ID_PAIS','I',1,'S',NULL,NULL,NULL,NULL,'B',NULL,NULL,'',NULL,NULL,NULL,NULL,NULL),(157,46,'ID_PROVINCIA','I',2,'S',NULL,NULL,NULL,NULL,'B',NULL,NULL,'',NULL,NULL,NULL,NULL,NULL),(158,46,'NOMBRE','S',3,'N',NULL,NULL,NULL,NULL,'B',NULL,NULL,'',NULL,NULL,NULL,NULL,NULL),(160,47,'ID_FAMILIA','S',1,'S',NULL,NULL,NULL,NULL,'B',NULL,NULL,'',NULL,NULL,NULL,NULL,NULL),(161,47,'ID_SUBFAMILIA','S',2,'S',NULL,NULL,NULL,NULL,'B',NULL,NULL,'',NULL,NULL,NULL,NULL,NULL),(163,47,'ID_IDIOMA','S',4,'S',NULL,NULL,NULL,NULL,'B',NULL,NULL,'',NULL,NULL,NULL,NULL,NULL),(164,47,'NOMBRE','S',5,'N',NULL,NULL,NULL,NULL,'B',NULL,NULL,'',NULL,NULL,NULL,NULL,NULL),(167,48,'ID_TIPO','S',1,'S',NULL,NULL,NULL,NULL,'B',NULL,NULL,'',NULL,NULL,NULL,NULL,NULL),(168,48,'ID_IDIOMA','S',2,'S',NULL,NULL,NULL,NULL,'B',NULL,NULL,'',NULL,NULL,NULL,NULL,NULL),(169,48,'NOMBRE','S',3,'N',NULL,NULL,NULL,NULL,'B',NULL,NULL,'',NULL,NULL,NULL,NULL,NULL),(171,49,'ID_VENDEDOR','I',1,'S',NULL,NULL,NULL,NULL,'B',NULL,NULL,'',NULL,NULL,NULL,NULL,NULL),(172,49,'NOMBRE','S',2,'N',NULL,NULL,NULL,NULL,'B',NULL,NULL,'',NULL,NULL,NULL,NULL,NULL),(173,49,'EMAIL','S',3,'N',NULL,NULL,NULL,NULL,'B',NULL,NULL,'',NULL,NULL,NULL,NULL,NULL),(174,49,'TELEFONO','S',4,'N',NULL,NULL,NULL,NULL,'B',NULL,NULL,'',NULL,NULL,NULL,NULL,NULL),(175,49,'FAX','S',5,'N',NULL,NULL,NULL,NULL,'B',NULL,NULL,'',NULL,NULL,NULL,NULL,NULL),(176,49,'ID_ZONA','S',6,'N',NULL,NULL,NULL,NULL,'B',NULL,NULL,'',NULL,NULL,NULL,NULL,NULL),(178,50,'ID_ZONA','S',1,'S',NULL,NULL,NULL,NULL,'B',NULL,NULL,'',NULL,NULL,NULL,NULL,NULL),(179,50,'NOMBRE','S',2,'N',NULL,NULL,NULL,NULL,'B',NULL,NULL,'',NULL,NULL,NULL,NULL,NULL),(221,23,'ITEM_ID','I',1,'S',NULL,NULL,NULL,NULL,'B',NULL,NULL,'',NULL,NULL,NULL,NULL,NULL),(222,23,'DESCRIPCION','S',3,'N',NULL,NULL,NULL,NULL,'B',NULL,NULL,'',NULL,NULL,NULL,NULL,NULL),(241,61,'ITEM_ID','I',1,'S',NULL,NULL,NULL,NULL,'B',NULL,NULL,'',NULL,NULL,NULL,NULL,NULL),(242,61,'NOMBRE','S',2,'S',NULL,NULL,NULL,NULL,'B',NULL,NULL,'',NULL,NULL,NULL,NULL,NULL),(243,61,'ANCHO','I',3,'N',NULL,NULL,NULL,NULL,'B',NULL,NULL,'',NULL,NULL,NULL,NULL,NULL),(244,61,'ALTO','I',4,'N',NULL,NULL,NULL,NULL,'B',NULL,NULL,'',NULL,NULL,NULL,NULL,NULL),(245,61,'ORDEN','I',5,'N',NULL,NULL,NULL,NULL,'B',NULL,NULL,'',NULL,NULL,NULL,NULL,NULL),(301,44,'ID_MONEDA','S',7,'N',NULL,NULL,NULL,NULL,'B',NULL,NULL,'',NULL,NULL,NULL,NULL,NULL),(341,24,'ID_LISTA_PREC','I',10,'N',NULL,NULL,NULL,NULL,'B',NULL,NULL,'','',NULL,NULL,NULL,NULL),(342,103,'ID_AMBIENTE','I',1,'S',NULL,NULL,NULL,NULL,'B',NULL,NULL,'',NULL,NULL,NULL,NULL,NULL),(343,103,'NOMBRE','S',2,'N',NULL,NULL,NULL,NULL,'B',NULL,NULL,'',NULL,NULL,NULL,NULL,NULL),(344,103,'FOTO','S',3,'N',NULL,NULL,NULL,NULL,'B',NULL,NULL,'',NULL,NULL,NULL,NULL,NULL),(345,103,'ID_TIPO','I',4,'N',NULL,NULL,NULL,NULL,'B',NULL,NULL,'',NULL,NULL,NULL,NULL,NULL),(346,104,'ID_TIPO','I',1,'S',NULL,NULL,NULL,NULL,'B',NULL,NULL,'',NULL,NULL,NULL,NULL,NULL),(347,104,'NOMBRE','S',2,'N',NULL,NULL,NULL,NULL,'B',NULL,NULL,'',NULL,NULL,NULL,NULL,NULL),(361,24,'EMAIL','S',11,'N',NULL,NULL,NULL,NULL,'B',NULL,NULL,'','',NULL,NULL,NULL,NULL),(381,121,'ID_MODIFICADOR','I',1,'S',NULL,NULL,NULL,NULL,'B',NULL,NULL,'',NULL,NULL,NULL,NULL,NULL),(382,121,'NOMBRE','S',8,'N',NULL,NULL,NULL,NULL,'B',NULL,NULL,'',NULL,NULL,NULL,NULL,NULL),(383,121,'COMENTARIOS','S',3,'N',NULL,NULL,NULL,NULL,'B',NULL,NULL,'',NULL,NULL,NULL,NULL,NULL),(384,121,'DESCRIPCION','S',4,'N',NULL,NULL,NULL,NULL,'B',NULL,NULL,'',NULL,NULL,NULL,NULL,NULL),(385,121,'ID_MONEDA','S',5,'N',NULL,NULL,NULL,NULL,'B',NULL,NULL,'',NULL,NULL,NULL,NULL,NULL),(386,121,'OPERANDO','I',6,'N',NULL,NULL,NULL,NULL,'B',NULL,NULL,'',NULL,NULL,NULL,NULL,NULL),(387,121,'OPERADOR','S',7,'N',NULL,NULL,NULL,NULL,'B',NULL,NULL,'',NULL,NULL,NULL,NULL,NULL),(388,121,'ID_CLIENTE','I',2,'S',NULL,NULL,NULL,NULL,'B',NULL,NULL,'',NULL,NULL,NULL,NULL,NULL),(389,122,'ID_MODIFICADOR','I',1,'S',NULL,NULL,NULL,NULL,'B',NULL,NULL,'',NULL,NULL,NULL,NULL,NULL),(390,122,'NOMBRE','S',3,'N',NULL,NULL,NULL,NULL,'B',NULL,NULL,'',NULL,NULL,NULL,NULL,NULL),(391,122,'ID_CLIENTE','I',2,'S',NULL,NULL,NULL,NULL,'B',NULL,NULL,'',NULL,NULL,NULL,NULL,NULL),(392,122,'ID_CONDPAGO','I',4,'N',NULL,NULL,NULL,NULL,'B',NULL,NULL,'',NULL,NULL,NULL,NULL,NULL),(393,122,'ID_MONEDA','S',5,'N',NULL,NULL,NULL,NULL,'B',NULL,NULL,'',NULL,NULL,NULL,NULL,NULL),(394,122,'COMENTARIOS','S',6,'N',NULL,NULL,NULL,NULL,'B',NULL,NULL,'',NULL,NULL,NULL,NULL,NULL),(395,122,'DESCRIPCION','S',7,'N',NULL,NULL,NULL,NULL,'B',NULL,NULL,'',NULL,NULL,NULL,NULL,NULL),(396,122,'OPERANDO','I',8,'N',NULL,NULL,NULL,NULL,'B',NULL,NULL,'',NULL,NULL,NULL,NULL,NULL),(397,122,'OPERADOR','S',9,'N',NULL,NULL,NULL,NULL,'B',NULL,NULL,'',NULL,NULL,NULL,NULL,NULL),(423,141,'ID_PAIS','S',2,'S',NULL,NULL,NULL,NULL,'B',NULL,NULL,'',NULL,NULL,NULL,NULL,NULL),(424,141,'ID_PROVINCIA','S',3,'S',NULL,NULL,NULL,NULL,'B',NULL,NULL,'',NULL,NULL,NULL,NULL,NULL),(425,141,'IMPORTE_MINIMO','F',4,'N',NULL,NULL,NULL,NULL,'B',NULL,NULL,'',NULL,NULL,NULL,NULL,NULL),(426,141,'ITEM_ID','I',5,'N',NULL,NULL,NULL,NULL,'B',NULL,NULL,'',NULL,NULL,NULL,NULL,NULL),(427,141,'ITEM_CODE','S',6,'N',NULL,NULL,NULL,NULL,'B',NULL,NULL,'',NULL,NULL,NULL,NULL,NULL),(428,141,'ITEM_DESCRIP','S',7,'N',NULL,NULL,NULL,NULL,'B',NULL,NULL,'',NULL,NULL,NULL,NULL,NULL),(429,141,'IMPORTE','F',8,'N',NULL,NULL,NULL,NULL,'B',NULL,NULL,'',NULL,NULL,NULL,NULL,NULL),(441,24,'EMAIL_COMERCIAL','S',12,'N',NULL,NULL,NULL,NULL,'B',NULL,NULL,'','',NULL,NULL,NULL,NULL),(461,24,'PERSONA_FLAG','S',13,'N',NULL,NULL,NULL,NULL,'B',NULL,NULL,'','',NULL,NULL,NULL,NULL),(462,24,'PERSONA_NOMBRE','S',14,'N',NULL,NULL,NULL,NULL,'B',NULL,NULL,'','',NULL,NULL,NULL,NULL),(463,24,'PERSONA_APELLIDOS','S',15,'N',NULL,NULL,NULL,NULL,'B',NULL,NULL,'','',NULL,NULL,NULL,NULL),(481,161,'ID_IMPORT','I',1,'S',NULL,NULL,NULL,NULL,'B',NULL,NULL,'',NULL,NULL,NULL,NULL,NULL),(482,161,'FECHA','D',2,'N',NULL,NULL,NULL,NULL,'B',NULL,NULL,'',NULL,NULL,NULL,NULL,NULL),(483,161,'FICHERO','S',3,'N',NULL,NULL,NULL,NULL,'B',NULL,NULL,'',NULL,NULL,NULL,NULL,NULL),(501,24,'EXPORTABLE','S',16,'N',NULL,NULL,NULL,NULL,'B',NULL,NULL,'','',NULL,NULL,NULL,NULL),(502,25,'EXPORTABLE','S',12,'N',NULL,NULL,NULL,NULL,'B',NULL,NULL,'','',NULL,NULL,NULL,NULL),(503,26,'EXPORTABLE','S',18,'N',NULL,NULL,NULL,NULL,'B',NULL,NULL,'','',NULL,NULL,NULL,NULL),(505,40,'ESTADO','S',14,'N',NULL,NULL,NULL,NULL,'B',NULL,NULL,'','',NULL,NULL,NULL,NULL),(506,40,'OBSERVACIONES','S',15,'N',NULL,NULL,NULL,NULL,'B',NULL,NULL,'','',NULL,NULL,NULL,NULL),(507,40,'EMAIL_CONFIRM','S',16,'N',NULL,NULL,NULL,NULL,'B',NULL,NULL,'','',NULL,NULL,NULL,NULL),(510,40,'EXPORTABLE','S',19,'N',NULL,NULL,NULL,NULL,'B',NULL,NULL,'','',NULL,NULL,NULL,NULL),(511,41,'DESCUENTO','I',8,'N',NULL,NULL,NULL,NULL,'B',NULL,NULL,'','',NULL,NULL,NULL,NULL),(512,41,'OPERADOR','S',9,'N',NULL,NULL,NULL,NULL,'B',NULL,NULL,'','',NULL,NULL,NULL,NULL),(513,41,'EXPORTABLE','S',10,'N',NULL,NULL,NULL,NULL,'B',NULL,NULL,'','\0',NULL,NULL,NULL,NULL),(514,41,'CONJUNTO','I',11,'N',NULL,NULL,NULL,NULL,'B',NULL,NULL,'','\0',NULL,NULL,NULL,NULL),(522,24,'PRECIO_PUNTO','F',18,'N',NULL,NULL,NULL,NULL,'B',NULL,NULL,'','',NULL,NULL,NULL,NULL),(523,33,'PUNTOS','S',8,'N',NULL,NULL,NULL,NULL,'B',NULL,NULL,'',NULL,NULL,NULL,NULL,NULL),(541,61,'FORMATO','S',6,'N',NULL,NULL,NULL,NULL,'B',NULL,NULL,'',NULL,NULL,NULL,NULL,NULL),(542,40,'ID_IVA','S',21,'N',NULL,NULL,NULL,NULL,'B',NULL,NULL,'','',NULL,NULL,NULL,NULL),(561,49,'PREFIJO_PEDIDOS','I',8,'N',NULL,NULL,NULL,NULL,'B',NULL,NULL,'',NULL,NULL,NULL,NULL,NULL),(582,49,'CIF','S',9,'N',NULL,NULL,NULL,NULL,'B',NULL,NULL,'',NULL,NULL,NULL,NULL,NULL),(621,201,'ID_CLIENTE','I',1,'S',NULL,NULL,NULL,NULL,'B',NULL,NULL,'',NULL,NULL,NULL,NULL,NULL),(622,201,'ID_FAMILIA','S',2,'S',NULL,NULL,NULL,NULL,'B',NULL,NULL,'',NULL,NULL,NULL,NULL,NULL),(623,201,'MULTIPLICADOR','F',3,'N',NULL,NULL,NULL,NULL,'B',NULL,NULL,'',NULL,NULL,NULL,NULL,NULL),(641,24,'CB_ENTIDAD','S',19,'N',NULL,NULL,NULL,NULL,'B',NULL,NULL,'','',NULL,NULL,NULL,NULL),(642,24,'CB_SUCURSAL','S',20,'N',NULL,NULL,NULL,NULL,'B',NULL,NULL,'','',NULL,NULL,NULL,NULL),(643,24,'CB_DC','S',21,'N',NULL,NULL,NULL,NULL,'B',NULL,NULL,'','',NULL,NULL,NULL,NULL),(644,24,'CB_CUENTA','S',22,'N',NULL,NULL,NULL,NULL,'B',NULL,NULL,'','',NULL,NULL,NULL,NULL),(661,221,'ID_TARIFA','I',1,'S',NULL,NULL,NULL,NULL,'B',NULL,NULL,'',NULL,NULL,NULL,NULL,NULL),(662,221,'NOMBRE','S',2,'N',NULL,NULL,NULL,NULL,'B',NULL,NULL,'',NULL,NULL,NULL,NULL,NULL),(663,221,'VALOR','F',3,'N',NULL,NULL,NULL,NULL,'B',NULL,NULL,'',NULL,NULL,NULL,NULL,NULL),(665,222,'ID_TARIFA','I',1,'S',NULL,NULL,NULL,NULL,'B',NULL,NULL,'',NULL,NULL,NULL,NULL,NULL),(666,222,'ID_VENDEDOR','I',2,'S',NULL,NULL,NULL,NULL,'B',NULL,NULL,'',NULL,NULL,NULL,NULL,NULL),(681,241,'ID_NOTICIA','I',1,'S',NULL,NULL,NULL,NULL,'B',NULL,NULL,'',NULL,NULL,NULL,NULL,NULL),(682,241,'FECHA','D',2,'N',NULL,NULL,NULL,NULL,'B',NULL,NULL,'',NULL,NULL,NULL,NULL,NULL),(683,241,'TITULO','S',3,'N',NULL,NULL,NULL,NULL,'B',NULL,NULL,'',NULL,NULL,NULL,NULL,NULL),(684,241,'TEXTO','S',4,'N',NULL,NULL,NULL,NULL,'B',NULL,NULL,'',NULL,NULL,NULL,NULL,NULL),(685,241,'URL_VIDEO','S',5,'N',NULL,NULL,NULL,NULL,'B',NULL,NULL,'',NULL,NULL,NULL,NULL,NULL),(686,242,'ID_NOTICIA','I',1,'S',NULL,NULL,NULL,NULL,'B',NULL,NULL,'',NULL,NULL,NULL,NULL,NULL),(687,242,'FOTO_NUM','I',2,'S',NULL,NULL,NULL,NULL,'B',NULL,NULL,'',NULL,NULL,NULL,NULL,NULL),(688,242,'TIPO','S',3,'S',NULL,NULL,NULL,NULL,'B',NULL,NULL,'',NULL,NULL,NULL,NULL,NULL),(689,242,'FOTO','S',4,'N',NULL,NULL,NULL,NULL,'B',NULL,NULL,'',NULL,NULL,NULL,NULL,NULL),(701,242,'LIGTHBOX','S',3,'N',NULL,NULL,NULL,NULL,'B',NULL,NULL,'',NULL,NULL,NULL,NULL,NULL),(724,261,'PEDIDO_NUM','I',1,'S',NULL,NULL,NULL,NULL,'B',NULL,NULL,'',NULL,NULL,NULL,NULL,NULL),(725,261,'CLIENTE_NUM','I',2,'N',NULL,NULL,NULL,NULL,'B',NULL,NULL,'',NULL,NULL,NULL,NULL,NULL),(726,261,'ANYO','I',3,'N',NULL,NULL,NULL,NULL,'B',NULL,NULL,'',NULL,NULL,NULL,NULL,NULL),(727,261,'ESTADO','S',4,'N',NULL,NULL,NULL,NULL,'B',NULL,NULL,'',NULL,NULL,NULL,NULL,NULL),(728,261,'FECHA','D',5,'N',NULL,NULL,NULL,'DD/MM/YYYY HH24:MI','B',NULL,NULL,'',NULL,NULL,NULL,NULL,NULL),(729,261,'TIPO','S',6,'N',NULL,NULL,NULL,NULL,'B',NULL,NULL,'',NULL,NULL,NULL,NULL,NULL),(730,261,'REFCLIENTE','S',7,'N',NULL,NULL,NULL,NULL,'B',NULL,NULL,'',NULL,NULL,NULL,NULL,NULL),(731,261,'TOTALSERVIDO','F',8,'N',NULL,NULL,NULL,NULL,'B',NULL,NULL,'',NULL,NULL,NULL,NULL,NULL),(732,261,'IMPORTE','F',9,'N',NULL,NULL,NULL,NULL,'B',NULL,NULL,'',NULL,NULL,NULL,NULL,NULL),(734,262,'FACTURA_NUM','S',1,'S',NULL,NULL,NULL,NULL,'B',NULL,NULL,'',NULL,NULL,NULL,NULL,NULL),(735,262,'NUMCLIENTE','I',2,'N',NULL,NULL,NULL,NULL,'B',NULL,NULL,'',NULL,NULL,NULL,NULL,NULL),(736,262,'FECHA','D',3,'N',NULL,NULL,NULL,NULL,'B',NULL,NULL,'',NULL,NULL,NULL,NULL,NULL),(737,262,'ID_ALBARAN','I',4,'N',NULL,NULL,NULL,NULL,'B',NULL,NULL,'',NULL,NULL,NULL,NULL,NULL),(738,262,'NOMBRECLIENTE','S',5,'N',NULL,NULL,NULL,NULL,'B',NULL,NULL,'',NULL,NULL,NULL,NULL,NULL),(739,262,'CIF','S',6,'N',NULL,NULL,NULL,NULL,'B',NULL,NULL,'',NULL,NULL,NULL,NULL,NULL),(740,262,'ESTADO','S',7,'N',NULL,NULL,NULL,NULL,'B',NULL,NULL,'',NULL,NULL,NULL,NULL,NULL),(741,262,'IMP_INICIAL','F',8,'N',NULL,NULL,NULL,NULL,'B',NULL,NULL,'',NULL,NULL,NULL,NULL,NULL),(742,262,'IMP_PENDIENTE','F',9,'N',NULL,NULL,NULL,NULL,'B',NULL,NULL,'',NULL,NULL,NULL,NULL,NULL),(743,262,'IMP_ORIGINAL','F',10,'N',NULL,NULL,NULL,NULL,'B',NULL,NULL,'',NULL,NULL,NULL,NULL,NULL),(744,262,'COND_PAGO','S',11,'N',NULL,NULL,NULL,NULL,'B',NULL,NULL,'',NULL,NULL,NULL,NULL,NULL),(745,262,'FORMA_PAGO','S',12,'N',NULL,NULL,NULL,NULL,'B',NULL,NULL,'',NULL,NULL,NULL,NULL,NULL),(746,262,'FACT_DEVOLUCION','S',13,'N',NULL,NULL,NULL,NULL,'B',NULL,NULL,'',NULL,NULL,NULL,NULL,NULL),(747,262,'CLASE','S',14,'N',NULL,NULL,NULL,NULL,'B',NULL,NULL,'',NULL,NULL,NULL,NULL,NULL),(748,262,'ANYO','I',15,'N',NULL,NULL,NULL,NULL,'B',NULL,NULL,'',NULL,NULL,NULL,NULL,NULL),(761,281,'ID_PEDIDO','I',1,'S',NULL,NULL,NULL,NULL,'B',NULL,NULL,'',NULL,NULL,NULL,NULL,NULL),(762,281,'LINEA_NUM','I',2,'S',NULL,NULL,NULL,NULL,'B',NULL,NULL,'',NULL,NULL,NULL,NULL,NULL),(763,281,'ITEM_ID','I',3,'N',NULL,NULL,NULL,NULL,'B',NULL,NULL,'',NULL,NULL,NULL,NULL,NULL),(764,281,'CANTIDAD','I',4,'N',NULL,NULL,NULL,NULL,'B',NULL,NULL,'',NULL,NULL,NULL,NULL,NULL),(765,281,'PRECIO','F',5,'N',NULL,NULL,NULL,NULL,'B',NULL,NULL,'',NULL,NULL,NULL,NULL,NULL),(766,281,'CANT_SERVIDA','I',6,'N',NULL,NULL,NULL,NULL,'B',NULL,NULL,'',NULL,NULL,NULL,NULL,NULL),(767,281,'CANT_PROX_ENVIO','I',7,'N',NULL,NULL,NULL,NULL,'B',NULL,NULL,'',NULL,NULL,NULL,NULL,NULL),(768,281,'FECHA_ULT_ENVIO','D',8,'N',NULL,NULL,NULL,'DD/MM/YYYY HH24:MI:SS','B',NULL,NULL,'',NULL,NULL,NULL,NULL,NULL),(769,281,'FECHA_PROX_ENVIO','D',9,'N',NULL,NULL,NULL,NULL,'B',NULL,NULL,'',NULL,NULL,NULL,NULL,NULL),(770,282,'ID_PEDIDO','I',1,'N',NULL,NULL,NULL,NULL,'B',NULL,NULL,'',NULL,NULL,NULL,NULL,NULL),(771,282,'LINEA_NUM','I',2,'N',NULL,NULL,NULL,NULL,'B',NULL,NULL,'',NULL,NULL,NULL,NULL,NULL),(772,282,'TRANSPORTISTA','S',3,'N',NULL,NULL,NULL,NULL,'B',NULL,NULL,'',NULL,NULL,NULL,NULL,NULL),(773,282,'NUM_ENTREGA','I',4,'N',NULL,NULL,NULL,NULL,'B',NULL,NULL,'',NULL,NULL,NULL,NULL,NULL),(774,282,'NUM_VIAJE','I',5,'N',NULL,NULL,NULL,NULL,'B',NULL,NULL,'',NULL,NULL,NULL,NULL,NULL),(775,282,'FECHA_PEDIDO','D',6,'N',NULL,NULL,NULL,'DD/MM/YYYY HH24:MI','B',NULL,NULL,'',NULL,NULL,NULL,NULL,NULL),(776,282,'FECHA_CONFIRMACION','D',7,'N',NULL,NULL,NULL,'DD/MM/YYYY HH24:MI','B',NULL,NULL,'',NULL,NULL,NULL,NULL,NULL),(777,282,'ITEM_ID','I',8,'N',NULL,NULL,NULL,NULL,'B',NULL,NULL,'',NULL,NULL,NULL,NULL,NULL),(778,282,'CANTIDAD_VENTA','I',9,'N',NULL,NULL,NULL,NULL,'B',NULL,NULL,'',NULL,NULL,NULL,NULL,NULL),(779,282,'CANTIDAD_SERVIDA','I',10,'N',NULL,NULL,NULL,NULL,'B',NULL,NULL,'',NULL,NULL,NULL,NULL,NULL),(780,282,'CLIENTE','S',11,'N',NULL,NULL,NULL,NULL,'B',NULL,NULL,'',NULL,NULL,NULL,NULL,NULL),(781,282,'EMAIL_DIREC_ENVIO','S',12,'N',NULL,NULL,NULL,NULL,'B',NULL,NULL,'',NULL,NULL,NULL,NULL,NULL),(801,24,'AGENTE_FLAG','S',23,'N',NULL,NULL,NULL,NULL,'B',NULL,NULL,'','',NULL,NULL,NULL,NULL),(802,261,'ID_PEDIDO','I',10,'N',NULL,NULL,NULL,NULL,'B',NULL,NULL,'',NULL,NULL,NULL,NULL,NULL),(821,282,'ID_EXPEDICION','I',1,'S',NULL,NULL,NULL,NULL,'B',NULL,NULL,'',NULL,NULL,NULL,NULL,NULL),(841,302,'ID_SHOWROOM','I',1,'S',NULL,NULL,NULL,NULL,'B',NULL,NULL,'',NULL,NULL,NULL,NULL,NULL),(842,302,'ID_PAIS','I',2,'N',NULL,NULL,NULL,NULL,'B',NULL,NULL,'',NULL,NULL,NULL,NULL,NULL),(843,302,'CIUDAD','S',3,'N',NULL,NULL,NULL,NULL,'B',NULL,NULL,'',NULL,NULL,NULL,NULL,NULL),(844,302,'DIRECCION','S',4,'N',NULL,NULL,NULL,NULL,'B',NULL,NULL,'',NULL,NULL,NULL,NULL,NULL),(845,302,'NOMBRE','S',5,'N',NULL,NULL,NULL,NULL,'B',NULL,NULL,'',NULL,NULL,NULL,NULL,NULL),(846,302,'TEXTO','S',6,'N',NULL,NULL,NULL,NULL,'B',NULL,NULL,'',NULL,NULL,NULL,NULL,NULL),(847,303,'ID_SHOWROOM','I',1,'S',NULL,NULL,NULL,NULL,'B',NULL,NULL,'',NULL,NULL,NULL,NULL,NULL),(848,303,'ID_FOTO','I',2,'S',NULL,NULL,NULL,NULL,'B',NULL,NULL,'',NULL,NULL,NULL,NULL,NULL),(849,303,'FICHERO','S',3,'N',NULL,NULL,NULL,NULL,'B',NULL,NULL,'',NULL,NULL,NULL,NULL,NULL),(850,281,'PED_LINEA','I',10,'N',NULL,NULL,NULL,NULL,'B',NULL,NULL,'',NULL,NULL,NULL,NULL,NULL),(862,24,'FUENTE','S',25,'N',NULL,NULL,NULL,NULL,'B',NULL,NULL,'','',NULL,NULL,NULL,NULL),(864,25,'FUENTE','S',13,'N',NULL,NULL,NULL,NULL,'B',NULL,NULL,'','',NULL,NULL,NULL,NULL),(865,26,'FUENTE','S',19,'N',NULL,NULL,NULL,NULL,'B',NULL,NULL,'','',NULL,NULL,NULL,NULL),(867,41,'EN_TIENDA','S',13,'N',NULL,NULL,NULL,NULL,'B',NULL,NULL,'','\0',NULL,NULL,NULL,NULL),(868,41,'ITEM_ID_WEB','I',14,'N',NULL,NULL,NULL,NULL,'B',NULL,NULL,'','\0',NULL,NULL,NULL,NULL),(881,40,'PEDIDO_AGENTE','S',23,'N',NULL,NULL,NULL,NULL,'B',NULL,NULL,'','','N',NULL,NULL,NULL),(921,321,'ID_TABLA','I',1,'S',NULL,NULL,NULL,NULL,'B',NULL,NULL,'',NULL,NULL,NULL,NULL,NULL),(922,321,'NOMBRE','S',2,'N',NULL,NULL,NULL,NULL,'B',NULL,NULL,'',NULL,NULL,NULL,NULL,NULL),(929,321,'EXTRA_WHERE','S',9,'N',NULL,NULL,NULL,NULL,'B',NULL,NULL,'',NULL,NULL,NULL,NULL,NULL),(936,321,'SINCRO','I',16,'N',NULL,NULL,NULL,NULL,'B',NULL,NULL,'',NULL,NULL,NULL,NULL,NULL),(937,321,'VERSION','I',17,'N',NULL,NULL,NULL,NULL,'B',NULL,NULL,'',NULL,NULL,NULL,NULL,NULL),(938,321,'ORDEN','I',18,'N',NULL,NULL,NULL,NULL,'B',NULL,NULL,'',NULL,NULL,NULL,NULL,NULL),(939,322,'ITEM_ID','I',1,'S',NULL,NULL,NULL,NULL,'B',NULL,NULL,'',NULL,NULL,NULL,NULL,NULL),(940,322,'REFERENCIA','S',2,'N',NULL,NULL,NULL,NULL,'B',NULL,NULL,'',NULL,NULL,NULL,NULL,NULL),(943,322,'ID_FAMILIA','S',5,'N',NULL,NULL,NULL,NULL,'B',NULL,NULL,'',NULL,NULL,NULL,NULL,NULL),(944,322,'ID_SUBFAMILIA','S',6,'N',NULL,NULL,NULL,NULL,'B',NULL,NULL,'',NULL,NULL,NULL,NULL,NULL),(946,322,'ID_TIPO','S',8,'N',NULL,NULL,NULL,NULL,'B',NULL,NULL,'',NULL,NULL,NULL,NULL,NULL),(948,322,'ID_MATERIAL','S',10,'N',NULL,NULL,NULL,NULL,'B',NULL,NULL,'',NULL,NULL,NULL,NULL,NULL),(949,322,'ID_COLOR_1','S',11,'N',NULL,NULL,NULL,NULL,'B',NULL,NULL,'',NULL,NULL,NULL,NULL,NULL),(950,322,'DIMENSION','S',12,'N',NULL,NULL,NULL,NULL,'B',NULL,NULL,'',NULL,NULL,NULL,NULL,NULL),(951,322,'REF_PRINCIPAL','S',13,'N',NULL,NULL,NULL,NULL,'B',NULL,NULL,'',NULL,NULL,NULL,NULL,NULL),(952,322,'STOCK','I',14,'N',NULL,NULL,NULL,NULL,'B',NULL,NULL,'',NULL,NULL,NULL,NULL,NULL),(953,322,'FECHA_DISP','S',15,'N',NULL,NULL,NULL,NULL,'B',NULL,NULL,'',NULL,NULL,NULL,NULL,NULL),(954,322,'BAR_CODE','I',16,'N',NULL,NULL,NULL,NULL,'B',NULL,NULL,'',NULL,NULL,NULL,NULL,NULL),(955,322,'NOVEDAD','S',17,'N',NULL,NULL,NULL,NULL,'B',NULL,NULL,'',NULL,NULL,NULL,NULL,NULL),(958,322,'ID_COLOR_2','S',20,'N',NULL,NULL,NULL,NULL,'B',NULL,NULL,'',NULL,NULL,NULL,NULL,NULL),(959,322,'ID_COLOR_3','S',21,'N',NULL,NULL,NULL,NULL,'B',NULL,NULL,'',NULL,NULL,NULL,NULL,NULL),(960,322,'ID_AGRUPACION','S',22,'N',NULL,NULL,NULL,NULL,'B',NULL,NULL,'',NULL,NULL,NULL,NULL,NULL),(961,321,'EXPORTABLE','I',19,'N',NULL,NULL,NULL,NULL,'B',NULL,NULL,'',NULL,NULL,NULL,NULL,NULL),(962,341,'ID_CAMPO','I',1,'S',NULL,NULL,NULL,NULL,'B',NULL,NULL,'',NULL,NULL,NULL,NULL,NULL),(963,341,'ID_TABLA','I',2,'N',NULL,NULL,NULL,NULL,'B',NULL,NULL,'',NULL,NULL,NULL,NULL,NULL),(964,341,'NOMBRE','S',3,'N',NULL,NULL,NULL,NULL,'B',NULL,NULL,'',NULL,NULL,NULL,NULL,NULL),(965,341,'TIPO','S',4,'N',NULL,NULL,NULL,NULL,'B',NULL,NULL,'',NULL,NULL,NULL,NULL,NULL),(966,341,'ORDEN','I',5,'N',NULL,NULL,NULL,NULL,'B',NULL,NULL,'',NULL,NULL,NULL,NULL,NULL),(967,341,'IMPORTABLE','I',6,'N',NULL,NULL,NULL,NULL,'B',NULL,NULL,'',NULL,NULL,NULL,NULL,NULL),(968,341,'LLAVE_PRIMARIA','S',7,'N',NULL,NULL,NULL,NULL,'B',NULL,NULL,'',NULL,NULL,NULL,NULL,NULL),(983,362,'ID_USUARIO','I',1,'S',NULL,NULL,NULL,NULL,'B',NULL,NULL,'',NULL,NULL,NULL,NULL,NULL),(984,362,'NOMBRE','S',2,'N',NULL,NULL,NULL,NULL,'B',NULL,NULL,'',NULL,NULL,NULL,NULL,NULL),(985,362,'LOGIN','S',3,'N',NULL,NULL,NULL,NULL,'B',NULL,NULL,'',NULL,NULL,NULL,NULL,NULL),(986,362,'CLAVE','S',4,'N',NULL,NULL,NULL,NULL,'B',NULL,NULL,'',NULL,NULL,NULL,NULL,NULL),(987,362,'INT_PARAM_1','I',5,'N',NULL,NULL,NULL,NULL,'B',NULL,NULL,'',NULL,NULL,NULL,NULL,NULL),(1001,61,'ULT_ACTUALIZACION','T',7,'N',NULL,NULL,NULL,'yyyy-MM-dd HH:mm:ss','B',NULL,NULL,'',NULL,'YYYY-MM-DD HH:MI:SS',NULL,NULL,NULL),(1002,61,'CARGADA','S',8,'N',NULL,NULL,NULL,NULL,'C','N',NULL,'',NULL,NULL,NULL,NULL,NULL),(1021,61,'URL','S',9,'N',NULL,NULL,NULL,NULL,'C',NULL,NULL,'',NULL,NULL,NULL,NULL,NULL),(1041,362,'ID_IDIOMA','I',6,'N',NULL,NULL,NULL,NULL,'C',NULL,NULL,'',NULL,NULL,NULL,NULL,NULL),(1042,31,'ISO_2','S',3,'N',NULL,NULL,NULL,NULL,'B',NULL,NULL,'',NULL,NULL,NULL,NULL,NULL),(1045,381,'ID_PARAMETRO','S',1,'S',NULL,NULL,NULL,NULL,'B',NULL,NULL,'',NULL,NULL,NULL,NULL,NULL),(1046,381,'VALOR','S',2,'N',NULL,NULL,NULL,NULL,'B',NULL,NULL,'',NULL,NULL,NULL,NULL,NULL),(1049,24,'Modificado','S',100,'N',NULL,NULL,NULL,NULL,'C',NULL,NULL,'','\0',NULL,NULL,NULL,NULL),(1050,26,'Modificado','S',100,'N',NULL,NULL,NULL,NULL,'C',NULL,NULL,'','\0',NULL,NULL,NULL,NULL),(1051,25,'Modificado','S',100,'N',NULL,NULL,NULL,NULL,'C',NULL,NULL,'','\0',NULL,NULL,NULL,NULL),(1061,40,'MOBILE_PEDIDO_NUM','I',90,'N',NULL,NULL,NULL,NULL,'B',NULL,NULL,'','',NULL,NULL,NULL,NULL),(1063,40,'MOBILE_ID','I',91,'N',NULL,NULL,NULL,NULL,'B',NULL,NULL,'','',NULL,NULL,NULL,NULL),(1081,41,'MOBILE_PEDIDO_NUM','I',90,'N',NULL,NULL,NULL,NULL,'B',NULL,NULL,'','',NULL,NULL,NULL,NULL),(1082,41,'MOBILE_ID','I',91,'N',NULL,NULL,NULL,NULL,'B',NULL,NULL,'','',NULL,NULL,NULL,NULL),(1084,41,'ID_VENDEDOR','I',92,'N',NULL,NULL,NULL,NULL,'B',NULL,NULL,'','',NULL,NULL,NULL,NULL),(1101,401,'ID_LOOKUP','S',1,'S',NULL,NULL,NULL,NULL,'B',NULL,NULL,'','\0',NULL,NULL,NULL,NULL),(1102,401,'ID_VALOR','S',2,'S',NULL,NULL,NULL,NULL,'B',NULL,NULL,'','\0',NULL,NULL,NULL,NULL),(1103,401,'NOMBRE','S',3,'N',NULL,NULL,NULL,NULL,'B',NULL,NULL,'','\0',NULL,NULL,NULL,NULL),(1104,24,'VALIDO','S',27,'N',NULL,NULL,NULL,NULL,'B',NULL,NULL,'','',NULL,NULL,NULL,NULL),(1121,24,'MOBILE_ID_CLIENTE','I',90,'N',NULL,NULL,NULL,NULL,'B',NULL,NULL,'','',NULL,NULL,NULL,NULL),(1122,24,'MOBILE_ID','I',91,'N',NULL,NULL,NULL,NULL,'B',NULL,NULL,'','',NULL,NULL,NULL,NULL),(1123,26,'MOBILE_ID_CLIENTE','I',90,'N',NULL,NULL,NULL,NULL,'B',NULL,NULL,'','',NULL,NULL,NULL,NULL),(1124,26,'MOBILE_ID_DIRECCION','I',91,'N',NULL,NULL,NULL,NULL,'B',NULL,NULL,'','',NULL,NULL,NULL,NULL),(1125,26,'MOBILE_ID','I',92,'N',NULL,NULL,NULL,NULL,'B',NULL,NULL,'','',NULL,NULL,NULL,NULL),(1126,25,'MOBILE_ID_CLIENTE','I',90,'N',NULL,NULL,NULL,NULL,'B',NULL,NULL,'','',NULL,NULL,NULL,NULL),(1127,25,'MOBILE_ID_DIRECCION','I',91,'N',NULL,NULL,NULL,NULL,'B',NULL,NULL,'','',NULL,NULL,NULL,NULL),(1128,25,'MOBILE_ID_CONTACTO','I',92,'N',NULL,NULL,NULL,NULL,'B',NULL,NULL,'','',NULL,NULL,NULL,NULL),(1129,25,'MOBILE_ID','I',93,'N',NULL,NULL,NULL,NULL,'B',NULL,NULL,'','',NULL,NULL,NULL,NULL),(1141,421,'VERSION','I',1,'S',NULL,NULL,NULL,NULL,'B',NULL,NULL,NULL,NULL,NULL,NULL,NULL,NULL),(1142,421,'ID_IDIOMA','S',2,'S',NULL,NULL,NULL,NULL,'B',NULL,NULL,NULL,NULL,NULL,NULL,NULL,NULL),(1143,421,'SINCRO','S',3,'N',NULL,NULL,NULL,NULL,'B',NULL,NULL,NULL,NULL,NULL,NULL,NULL,NULL),(1144,421,'MENSAJE','S',4,'N',NULL,NULL,NULL,NULL,'B',NULL,NULL,NULL,NULL,NULL,NULL,NULL,NULL),(1145,421,'URL','S',5,'N',NULL,NULL,NULL,NULL,'B',NULL,NULL,NULL,NULL,NULL,NULL,NULL,NULL),(1146,422,'USUARIO','S',1,'S',NULL,NULL,NULL,NULL,'B',NULL,NULL,NULL,NULL,NULL,NULL,NULL,NULL),(1147,422,'MOBILE_ID','I',2,'S',NULL,NULL,NULL,NULL,'B',NULL,NULL,NULL,NULL,NULL,NULL,NULL,NULL),(1148,422,'VERSION','I',3,'S',NULL,NULL,NULL,NULL,'B',NULL,NULL,NULL,NULL,NULL,NULL,NULL,NULL),(1149,422,'FECHA','D',4,'N',NULL,NULL,NULL,NULL,'B',NULL,NULL,NULL,NULL,NULL,NULL,NULL,NULL),(1161,262,'FECHAVENCIMIENTO','D',17,'N',NULL,NULL,NULL,NULL,NULL,NULL,NULL,NULL,NULL,NULL,NULL,NULL,NULL);
/*!40000 ALTER TABLE `APPBS_CAMPOS` ENABLE KEYS */;
UNLOCK TABLES;

--
-- Table structure for table `PEDIDOS_ORACLE`
--

DROP TABLE IF EXISTS `PEDIDOS_ORACLE`;
/*!40101 SET @saved_cs_client     = @@character_set_client */;
/*!40101 SET character_set_client = utf8 */;
CREATE TABLE `PEDIDOS_ORACLE` (
  `pedido_num` bigint(15) NOT NULL,
  `cliente_num` bigint(15) DEFAULT NULL,
  `anyo` bigint(15) DEFAULT NULL,
  `estado` varchar(20) CHARACTER SET latin1 COLLATE latin1_bin DEFAULT NULL,
  `fecha` datetime DEFAULT NULL,
  `tipo` varchar(50) CHARACTER SET latin1 COLLATE latin1_bin DEFAULT NULL,
  `refcliente` varchar(100) CHARACTER SET latin1 COLLATE latin1_bin DEFAULT NULL,
  `totalservido` decimal(15,2) DEFAULT NULL,
  `importe` decimal(15,2) DEFAULT NULL,
  `id_pedido` bigint(15) DEFAULT NULL,
  PRIMARY KEY (`pedido_num`),
  UNIQUE KEY `PEDIDOS_ORACLE_uk1` (`id_pedido`)
) ENGINE=InnoDB DEFAULT CHARSET=latin1;
/*!40101 SET character_set_client = @saved_cs_client */;

--
-- Dumping data for table `PEDIDOS_ORACLE`
--

LOCK TABLES `PEDIDOS_ORACLE` WRITE;
/*!40000 ALTER TABLE `PEDIDOS_ORACLE` DISABLE KEYS */;
/*!40000 ALTER TABLE `PEDIDOS_ORACLE` ENABLE KEYS */;
UNLOCK TABLES;
/*!40103 SET TIME_ZONE=@OLD_TIME_ZONE */;

/*!40101 SET SQL_MODE=@OLD_SQL_MODE */;
/*!40014 SET FOREIGN_KEY_CHECKS=@OLD_FOREIGN_KEY_CHECKS */;
/*!40014 SET UNIQUE_CHECKS=@OLD_UNIQUE_CHECKS */;
/*!40101 SET CHARACTER_SET_CLIENT=@OLD_CHARACTER_SET_CLIENT */;
/*!40101 SET CHARACTER_SET_RESULTS=@OLD_CHARACTER_SET_RESULTS */;
/*!40101 SET COLLATION_CONNECTION=@OLD_COLLATION_CONNECTION */;
/*!40111 SET SQL_NOTES=@OLD_SQL_NOTES */;

-- Dump completed on 2012-06-03 12:23:48
